program_id,director_id
s1,2544
s3,2341
s6,3176
s7,3928
s7,2272
s8,1660
s9,349
s10,4593
s12,2555
s13,891
s14,709
s17,3587
s17,3483
s19,78
s21,3446
s23,2383
s24,204
s24,4380
s25,4050
s27,3766
s28,1180
s29,4194
s30,3934
s31,467
s31,48
s31,4079
s36,1039
s37,732
s39,1562
s42,4441
s43,1991
s44,2107
s45,2286
s46,4738
s47,1019
s48,720
s49,404
s52,4706
s53,4706
s54,4706
s55,4706
s57,2976
s58,1662
s59,2976
s60,1662
s61,2976
s62,1756
s63,4709
s64,4577
s65,1149
s69,1684
s69,4773
s69,3141
s72,1071
s74,2461
s76,566
s78,3685
s79,1172
s80,1172
s81,4683
s82,780
s85,2095
s85,1489
s87,4604
s89,2882
s91,236
s92,3230
s92,3534
s94,214
s95,3754
s97,4408
s102,800
s102,2790
s103,1937
s104,4934
s106,2691
s108,1088
s111,2754
s111,1961
s113,4149
s114,4406
s115,3739
s116,1922
s117,3276
s118,2766
s119,4256
s120,2311
s123,1922
s127,4798
s128,2940
s129,1581
s130,2620
s131,4191
s132,3889
s134,3327
s135,3657
s136,3835
s137,396
s138,4328
s139,2620
s140,4365
s141,4208
s142,4434
s143,3870
s144,2957
s145,3823
s146,1559
s146,1241
s147,1338
s149,1570
s150,3112
s151,3127
s152,332
s152,153
s153,670
s156,2086
s157,1533
s158,1049
s159,4728
s160,3505
s162,4621
s163,3823
s164,1151
s165,2533
s167,4227
s168,3022
s168,4651
s169,634
s169,3603
s170,4897
s171,3626
s172,3078
s173,3872
s174,287
s175,404
s176,3793
s177,3125
s178,1842
s179,1371
s179,4234
s180,4674
s181,3623
s183,2821
s184,4897
s186,800
s186,2790
s189,3789
s189,8
s191,4259
s192,4567
s193,4069
s196,4172
s197,2945
s199,2461
s200,3521
s201,4147
s202,367
s202,417
s203,4130
s204,4750
s205,4069
s206,1089
s207,1206
s208,425
s209,3195
s210,3195
s211,3580
s212,601
s215,2803
s216,425
s217,3751
s217,2564
s218,3195
s222,2303
s223,641
s224,3029
s224,4563
s228,357
s229,3980
s230,898
s231,4033
s232,1129
s234,2929
s236,973
s237,3802
s238,3802
s239,3802
s240,3802
s241,1674
s245,2410
s247,4941
s248,673
s250,1068
s251,4782
s252,1244
s253,3160
s254,2837
s256,3099
s257,4711
s258,2837
s259,233
s260,3480
s262,709
s263,2623
s265,4417
s268,1922
s269,3241
s271,1416
s274,2315
s277,1812
s279,2332
s280,4443
s282,807
s283,2333
s284,4092
s285,4820
s286,2253
s288,4080
s291,1441
s293,1253
s294,100
s295,1746
s296,3712
s298,552
s298,3700
s298,2414
s298,4778
s298,2415
s298,455
s298,3802
s298,4162
s298,1541
s299,2436
s300,2364
s301,2541
s301,652
s302,3991
s303,776
s303,2743
s304,169
s305,2624
s306,2872
s307,1839
s308,3632
s309,4496
s311,612
s315,1897
s316,837
s317,1770
s318,2572
s319,1367
s319,3129
s326,680
s327,3966
s328,3951
s329,4652
s330,4441
s331,3641
s331,907
s333,3835
s334,2165
s335,2365
s336,2125
s338,2924
s340,2801
s340,1769
s341,909
s342,3569
s343,3351
s344,1766
s345,1766
s346,1094
s347,1101
s348,2262
s349,4974
s350,1527
s351,935
s352,4723
s353,2458
s354,4662
s355,4700
s356,643
s357,4519
s358,641
s359,1816
s360,4365
s361,1516
s363,2471
s364,1956
s366,3278
s368,4217
s372,3278
s373,2452
s374,1084
s375,3148
s376,4442
s378,1029
s379,2728
s381,1594
s384,3778
s385,1079
s388,2637
s389,4024
s389,3852
s390,4963
s393,3709
s394,928
s395,3261
s396,2880
s397,3629
s399,2527
s403,488
s406,4315
s407,3764
s408,3764
s409,3764
s410,3764
s411,3764
s412,3764
s413,3764
s414,3764
s415,3764
s416,3764
s417,3764
s418,616
s419,446
s419,4309
s420,3764
s421,3764
s422,3764
s422,3473
s423,3764
s424,3764
s425,3764
s427,123
s427,692
s428,2811
s429,2596
s430,4236
s433,2140
s433,331
s433,1457
s434,3236
s437,39
s438,1275
s439,2431
s440,4332
s440,2078
s440,424
s440,4587
s440,88
s442,2660
s444,2756
s445,1515
s446,4341
s447,946
s448,604
s449,604
s450,1142
s451,879
s452,773
s453,1658
s455,4687
s456,1480
s458,3043
s459,179
s461,457
s461,852
s462,145
s463,4660
s464,3953
s464,3508
s465,3314
s468,2853
s469,3847
s470,4220
s472,130
s472,54
s474,4832
s475,3379
s476,1036
s477,2363
s480,2660
s481,1413
s482,1242
s485,2525
s486,497
s487,2058
s487,2498
s490,115
s492,1668
s493,4192
s495,536
s496,4658
s497,743
s499,3525
s501,3428
s502,4236
s503,2808
s504,1919
s506,421
s506,3259
s507,895
s508,4743
s509,4936
s519,1691
s529,3770
s529,1699
s530,4954
s532,4176
s532,3371
s532,2782
s535,3797
s542,3686
s543,3294
s551,2660
s552,4827
s553,3330
s555,3788
s556,638
s557,2529
s558,3134
s558,3625
s559,1352
s560,4897
s561,3003
s562,1973
s563,1973
s564,1973
s565,3569
s567,3045
s568,1467
s569,3351
s570,4795
s571,843
s573,2132
s574,2194
s574,2934
s575,2041
s576,1615
s577,1517
s578,2823
s579,3906
s580,2956
s581,4305
s582,3572
s583,1516
s584,1833
s585,2131
s586,920
s587,2972
s588,4313
s588,57
s588,1204
s588,1798
s588,1938
s590,4717
s592,1503
s593,2084
s594,863
s595,1849
s596,3909
s597,2777
s598,74
s599,406
s600,3958
s601,1096
s602,2159
s603,2159
s604,2159
s605,154
s606,4856
s607,4404
s608,711
s609,3637
s610,1438
s611,2663
s612,2784
s612,622
s613,3540
s614,3940
s615,4823
s616,1632
s617,2971
s619,3009
s620,1881
s622,4282
s623,2995
s624,2276
s625,1878
s627,2153
s630,514
s631,324
s633,3337
s634,4342
s635,371
s636,520
s637,2244
s638,4368
s638,4777
s638,48
s644,2375
s645,2530
s646,4525
s647,2849
s650,421
s651,1980
s652,2532
s653,2532
s655,972
s656,972
s657,972
s665,1425
s667,1831
s671,4950
s671,4946
s672,4950
s672,4946
s673,4950
s677,3911
s682,4319
s684,3153
s686,3573
s688,2415
s689,2436
s690,4950
s690,4946
s691,2452
s693,1770
s694,2746
s695,4359
s696,4359
s699,405
s702,2901
s703,1127
s705,56
s706,3032
s708,4160
s709,3845
s712,3600
s713,3109
s717,1451
s719,1040
s722,3179
s723,1150
s724,3132
s725,2062
s727,2108
s727,706
s728,1787
s728,4264
s729,648
s736,3676
s737,2843
s738,1972
s740,845
s741,3138
s742,2612
s743,525
s743,3283
s744,2937
s746,4556
s747,2937
s748,2471
s751,4961
s753,2945
s755,3016
s757,3942
s758,2240
s759,250
s760,1557
s761,1557
s763,2651
s765,1976
s766,1013
s767,187
s769,1729
s770,168
s770,2321
s771,3264
s772,832
s774,3734
s775,2610
s776,3367
s777,2670
s778,1303
s778,3047
s780,3979
s782,3606
s783,2611
s784,2642
s785,4599
s787,1232
s788,346
s789,1697
s791,330
s792,3844
s793,3910
s794,353
s795,4526
s797,4193
s798,2077
s799,4594
s800,935
s801,490
s802,3101
s803,1900
s804,4538
s805,3152
s807,1748
s808,1748
s809,1232
s810,4647
s811,4856
s812,4412
s813,1227
s815,150
s816,3165
s817,4512
s818,2723
s819,531
s820,935
s822,3144
s823,1318
s824,3610
s825,1563
s827,627
s828,1284
s829,1098
s830,2491
s832,2270
s832,2865
s833,1529
s835,2349
s837,3582
s839,3485
s840,4359
s841,2679
s842,3808
s845,1043
s846,4421
s847,4623
s851,4837
s854,4969
s857,4744
s859,3213
s860,283
s861,899
s862,3685
s864,3945
s865,3195
s866,1074
s867,1357
s867,1793
s868,1901
s871,1903
s872,2385
s873,1847
s874,3374
s876,2800
s878,3693
s879,779
s880,1031
s882,1236
s883,663
s886,2662
s887,4761
s888,1035
s890,2128
s892,3027
s893,90
s894,97
s895,1130
s896,208
s898,736
s899,4123
s900,3787
s902,4507
s904,2962
s905,527
s906,4978
s907,4915
s908,4258
s910,1832
s911,395
s912,4807
s914,4379
s915,2031
s916,2330
s917,3370
s918,1228
s918,4278
s920,2306
s923,1252
s925,4203
s927,4847
s929,3944
s930,3977
s931,4647
s932,1156
s933,3552
s934,2620
s935,2371
s936,1331
s936,4671
s936,949
s938,4471
s939,4471
s940,4471
s941,4471
s942,4471
s943,935
s944,2014
s945,803
s946,4391
s947,3992
s948,2496
s949,376
s950,859
s951,3611
s952,3983
s953,2248
s954,960
s955,3667
s955,3285
s956,322
s957,2506
s959,4711
s960,787
s961,3460
s962,3187
s962,2010
s963,2142
s965,3943
s965,4261
s967,3585
s970,2202
s971,2247
s972,2890
s974,4142
s975,4213
s977,3476
s978,3057
s979,1664
s980,4216
s980,619
s981,4216
s982,269
s983,509
s984,215
s985,721
s986,2384
s987,2384
s988,3894
s989,2554
s990,550
s991,1664
s992,2970
s993,3194
s993,984
s995,2436
s996,4915
s996,269
s997,4530
s1000,2122
s1001,107
s1002,975
s1003,1568
s1007,4471
s1008,4471
s1009,4471
s1010,141
s1010,4478
s1014,2175
s1016,1277
s1017,47
s1018,2536
s1019,35
s1020,465
s1021,4170
s1022,422
s1022,2809
s1023,20
s1024,4265
s1024,3749
s1024,3318
s1024,2437
s1025,4040
s1027,769
s1028,1640
s1030,4692
s1031,2800
s1032,4386
s1034,4004
s1035,2367
s1035,26
s1036,3375
s1037,2919
s1037,558
s1038,4553
s1040,4734
s1042,2450
s1042,4929
s1043,1597
s1047,3079
s1051,4047
s1053,3569
s1054,3453
s1055,97
s1056,2762
s1067,826
s1068,3528
s1070,717
s1071,1485
s1072,4471
s1073,4471
s1074,4471
s1075,4471
s1076,3246
s1076,763
s1076,1169
s1076,1385
s1076,1751
s1076,834
s1076,1287
s1077,4471
s1078,4471
s1079,4471
s1081,4980
s1084,1916
s1086,3513
s1087,1056
s1088,1691
s1089,557
s1090,4715
s1090,2958
s1091,360
s1097,4429
s1098,4247
s1099,2798
s1100,1322
s1101,647
s1102,738
s1103,4426
s1104,4911
s1105,4820
s1106,3888
s1107,3536
s1107,3551
s1108,548
s1109,3295
s1110,426
s1110,429
s1111,4521
s1112,3355
s1113,205
s1114,3992
s1115,3767
s1116,3762
s1118,2697
s1119,1910
s1120,1104
s1121,4534
s1122,3934
s1123,4460
s1125,3895
s1127,1556
s1129,4697
s1131,1748
s1132,1748
s1133,1748
s1134,1232
s1135,4289
s1135,2977
s1136,2172
s1137,1686
s1137,3504
s1138,542
s1139,3999
s1140,3329
s1141,3064
s1142,552
s1143,4274
s1145,3635
s1146,2335
s1147,93
s1148,2275
s1151,2255
s1152,624
s1154,2368
s1155,2163
s1156,3274
s1157,4001
s1160,1417
s1161,3180
s1163,1377
s1165,1418
s1166,4749
s1168,2978
s1171,178
s1172,230
s1173,2390
s1174,2358
s1176,4404
s1177,4537
s1178,697
s1179,1217
s1184,4535
s1185,2687
s1186,836
s1188,378
s1189,4839
s1190,4729
s1191,2689
s1192,2847
s1192,1970
s1193,1392
s1194,97
s1195,4857
s1196,876
s1197,146
s1198,4561
s1199,2604
s1200,3435
s1203,1731
s1204,4441
s1205,4566
s1208,1730
s1209,3253
s1210,1225
s1212,2814
s1213,745
s1215,2753
s1216,2481
s1217,1353
s1219,3161
s1220,4655
s1221,3481
s1222,3220
s1223,2497
s1223,3018
s1224,356
s1224,3364
s1229,1589
s1231,1667
s1233,754
s1234,2436
s1235,2900
s1237,2341
s1238,1387
s1240,4565
s1241,2620
s1242,286
s1243,1929
s1243,4739
s1244,3167
s1245,53
s1247,4489
s1248,1748
s1249,1321
s1250,4909
s1250,2867
s1251,3200
s1252,2485
s1253,2876
s1254,326
s1254,2464
s1255,536
s1256,1748
s1257,2688
s1259,1852
s1259,567
s1260,3007
s1261,1007
s1262,3487
s1264,2156
s1265,2072
s1266,3843
s1267,3487
s1268,527
s1270,3901
s1274,4306
s1277,2000
s1279,4729
s1280,533
s1281,1146
s1281,560
s1282,4638
s1284,1910
s1285,1910
s1287,1772
s1289,879
s1290,4163
s1291,1840
s1292,2513
s1293,2755
s1294,4589
s1294,516
s1294,3275
s1294,4141
s1296,3691
s1298,195
s1304,1787
s1305,566
s1306,4812
s1308,986
s1310,988
s1312,1672
s1313,1761
s1316,2906
s1317,4817
s1319,3094
s1320,1330
s1323,922
s1324,3235
s1325,494
s1326,147
s1327,1431
s1328,494
s1329,2108
s1330,2343
s1331,674
s1334,4647
s1335,1733
s1337,2786
s1338,3243
s1341,2283
s1342,4094
s1343,2096
s1344,3066
s1345,3962
s1346,1644
s1347,1918
s1348,1359
s1352,3392
s1354,1180
s1358,4152
s1359,2964
s1360,3980
s1361,3853
s1365,2215
s1367,2877
s1368,1633
s1369,2716
s1370,2326
s1371,4325
s1373,3413
s1375,2051
s1377,2045
s1379,1595
s1380,3423
s1382,1799
s1383,857
s1387,16
s1388,3553
s1389,3785
s1390,3359
s1391,3356
s1392,4049
s1394,952
s1397,1522
s1398,1844
s1399,1060
s1400,2773
s1400,1585
s1404,969
s1406,3166
s1407,1331
s1407,4321
s1408,727
s1410,3602
s1411,3836
s1412,4014
s1413,4482
s1414,1686
s1415,802
s1415,519
s1416,1908
s1417,4618
s1418,1455
s1419,872
s1420,2346
s1421,4381
s1422,3447
s1422,9
s1423,3682
s1424,3987
s1425,4016
s1427,3682
s1429,3988
s1433,2815
s1434,1953
s1435,1343
s1435,10
s1436,2557
s1437,176
s1437,3786
s1439,1435
s1442,4343
s1445,1503
s1446,1669
s1447,2013
s1448,882
s1451,3949
s1452,2003
s1453,4005
s1454,686
s1455,2011
s1457,4206
s1459,2930
s1460,3055
s1462,1234
s1464,4694
s1465,2030
s1465,4643
s1468,1957
s1469,2522
s1470,2620
s1471,4275
s1473,4109
s1475,432
s1476,4062
s1480,957
s1482,2690
s1485,445
s1485,4633
s1486,1605
s1487,143
s1487,234
s1489,2788
s1491,3883
s1492,4816
s1494,3699
s1495,3945
s1496,306
s1497,4918
s1498,774
s1499,2179
s1499,2053
s1500,1555
s1501,2710
s1502,3983
s1503,2568
s1505,981
s1505,4447
s1508,1968
s1510,3549
s1511,1892
s1512,3251
s1513,4607
s1514,2185
s1516,4097
s1518,1554
s1520,4927
s1521,4463
s1521,4799
s1521,1541
s1521,4783
s1522,4927
s1523,4927
s1524,2314
s1525,2696
s1526,3316
s1527,405
s1530,2311
s1531,216
s1532,1399
s1533,345
s1533,3590
s1534,3662
s1535,2356
s1537,644
s1538,2646
s1541,4664
s1542,1305
s1542,2074
s1543,4831
s1545,3204
s1550,1395
s1551,4270
s1557,1266
s1558,1466
s1559,1886
s1559,1427
s1561,4044
s1562,1587
s1564,1167
s1565,2605
s1566,4592
s1567,2800
s1568,2356
s1569,2356
s1572,4513
s1576,2307
s1577,2542
s1581,592
s1581,246
s1581,2507
s1582,4412
s1583,2163
s1585,4561
s1587,1879
s1588,4458
s1588,915
s1588,2711
s1589,934
s1592,1348
s1592,2500
s1593,1193
s1596,1096
s1598,260
s1599,1945
s1600,2861
s1601,1058
s1602,3955
s1603,982
s1605,487
s1607,381
s1609,3045
s1610,991
s1611,4004
s1613,2215
s1614,3871
s1617,1579
s1618,3638
s1621,3668
s1622,4328
s1625,4004
s1627,677
s1630,1190
s1631,2948
s1632,2024
s1633,590
s1634,687
s1636,4380
s1636,204
s1637,3430
s1638,15
s1643,2750
s1644,2645
s1645,534
s1646,690
s1647,3020
s1648,774
s1649,1328
s1651,3549
s1652,855
s1653,4763
s1654,4763
s1655,548
s1656,1622
s1656,4639
s1657,4004
s1658,758
s1660,3000
s1661,1612
s1663,3219
s1664,1162
s1665,3945
s1666,4793
s1667,4399
s1670,4881
s1670,3098
s1672,3232
s1674,418
s1675,4312
s1676,1048
s1677,4786
s1678,774
s1679,418
s1680,3991
s1681,3843
s1682,3188
s1683,774
s1684,4308
s1686,4533
s1687,2674
s1690,2008
s1691,4058
s1691,994
s1692,2370
s1695,938
s1695,2561
s1696,2370
s1700,3083
s1701,988
s1703,500
s1704,1092
s1705,3831
s1706,1268
s1707,2986
s1708,774
s1710,3565
s1711,4039
s1713,417
s1714,2742
s1715,3329
s1716,748
s1721,4747
s1722,4432
s1722,2329
s1726,2583
s1728,4863
s1729,124
s1729,2217
s1729,2278
s1730,2503
s1732,3469
s1733,405
s1734,172
s1735,3039
s1736,4031
s1737,2965
s1740,2370
s1742,3293
s1743,1926
s1744,4564
s1745,1362
s1748,4976
s1748,901
s1750,3105
s1752,789
s1753,789
s1754,2040
s1762,3866
s1763,3598
s1764,3365
s1765,3435
s1768,1844
s1769,900
s1771,4270
s1772,2336
s1773,1690
s1775,4373
s1776,3827
s1777,4704
s1778,4581
s1781,3445
s1784,4143
s1785,1475
s1786,2203
s1787,411
s1788,3380
s1789,539
s1790,1909
s1793,2984
s1794,3299
s1795,796
s1795,825
s1796,3768
s1797,2609
s1798,4755
s1799,1578
s1801,4596
s1801,161
s1802,1593
s1803,875
s1806,2515
s1806,3589
s1807,1928
s1808,1004
s1809,858
s1810,774
s1811,2526
s1812,2406
s1813,4625
s1815,570
s1816,3883
s1817,1232
s1818,2950
s1819,3655
s1820,270
s1821,3655
s1822,3655
s1823,2950
s1824,3790
s1825,1024
s1826,3792
s1827,2950
s1828,3655
s1830,4981
s1831,4242
s1832,2950
s1833,2280
s1834,4091
s1834,854
s1836,4012
s1837,1145
s1837,3104
s1839,4611
s1841,2849
s1843,28
s1844,2682
s1845,3728
s1846,4095
s1847,3616
s1850,1686
s1851,2619
s1854,3578
s1854,142
s1856,2492
s1856,3630
s1857,764
s1858,756
s1859,2465
s1860,624
s1862,1809
s1863,513
s1864,1705
s1866,3321
s1867,3768
s1868,195
s1870,3702
s1871,3057
s1873,3730
s1875,602
s1875,1853
s1877,1272
s1880,4417
s1881,3576
s1882,3173
s1883,1454
s1884,2221
s1885,910
s1887,160
s1887,2256
s1887,2456
s1888,289
s1889,4753
s1892,4754
s1893,204
s1893,4380
s1897,2471
s1898,4465
s1899,1226
s1900,721
s1901,3475
s1902,4086
s1903,95
s1904,646
s1905,1308
s1905,3867
s1906,747
s1910,1527
s1912,61
s1913,4527
s1914,2703
s1914,441
s1917,1111
s1920,3242
s1921,1398
s1922,3967
s1925,4374
s1927,2044
s1928,1440
s1931,4679
s1932,2117
s1935,2649
s1936,3499
s1937,985
s1938,2649
s1939,3758
s1940,48
s1941,3991
s1942,2465
s1943,48
s1944,1807
s1945,1809
s1946,3310
s1947,354
s1951,3891
s1954,3476
s1958,4273
s1960,1702
s1961,2304
s1961,3816
s1963,4354
s1964,3405
s1965,4286
s1966,4286
s1966,4733
s1967,4286
s1967,4733
s1968,4956
s1969,4286
s1970,4286
s1971,2969
s1972,4337
s1973,3753
s1975,4616
s1976,129
s1977,3761
s1978,159
s1982,791
s1983,4215
s1985,1435
s1986,1518
s1987,4215
s1988,3059
s1993,2576
s1996,409
s1997,749
s1998,1911
s1999,3654
s2000,3500
s2001,860
s2002,3624
s2004,3754
s2005,4415
s2006,4710
s2008,1960
s2011,1155
s2012,3826
s2015,4269
s2016,4169
s2017,43
s2018,2806
s2019,2806
s2020,3683
s2021,2841
s2023,2474
s2024,2818
s2025,1664
s2026,4805
s2027,4110
s2028,2476
s2028,261
s2029,113
s2030,3045
s2031,430
s2032,2787
s2034,3593
s2035,2881
s2036,2009
s2037,840
s2039,3672
s2039,1904
s2040,4656
s2042,1152
s2044,3647
s2046,810
s2047,1976
s2049,32
s2050,405
s2051,2361
s2051,4028
s2052,1355
s2053,2942
s2056,1406
s2057,4609
s2058,3334
s2060,522
s2061,1004
s2062,948
s2066,506
s2068,1758
s2072,865
s2073,4198
s2075,34
s2076,1251
s2077,995
s2077,3596
s2077,3013
s2078,1447
s2080,3754
s2081,1625
s2082,2943
s2082,4646
s2083,4250
s2084,2073
s2085,666
s2088,873
s2088,2858
s2089,1099
s2091,1124
s2092,2677
s2093,977
s2095,1822
s2096,3305
s2101,4861
s2104,484
s2105,589
s2108,4724
s2109,1762
s2111,2509
s2112,4208
s2115,3685
s2116,1481
s2117,3389
s2118,4119
s2120,786
s2121,4669
s2122,4224
s2127,465
s2129,380
s2130,956
s2131,1390
s2132,624
s2133,1737
s2133,437
s2138,3819
s2139,409
s2140,409
s2142,4260
s2143,3909
s2144,4741
s2147,4790
s2148,2583
s2150,2864
s2151,1474
s2155,4439
s2156,3883
s2160,2627
s2162,2953
s2164,1460
s2165,3524
s2167,4380
s2167,204
s2168,4175
s2170,2568
s2172,3172
s2173,1059
s2177,3179
s2178,4412
s2180,2285
s2183,3063
s2184,943
s2186,3822
s2186,3382
s2187,1760
s2188,2433
s2188,3838
s2189,436
s2192,13
s2194,4779
s2195,3400
s2196,363
s2197,3155
s2198,2993
s2199,1920
s2200,4470
s2201,3564
s2203,559
s2205,1506
s2206,4572
s2207,600
s2208,4693
s2208,4180
s2209,1622
s2209,4639
s2210,4703
s2211,1422
s2212,4959
s2214,4820
s2215,189
s2216,120
s2217,4311
s2220,2706
s2220,1393
s2221,4893
s2222,1070
s2222,1482
s2225,1174
s2229,2675
s2229,775
s2232,4654
s2232,4737
s2233,3627
s2234,502
s2235,3241
s2240,1034
s2241,4388
s2243,1719
s2244,4372
s2245,309
s2245,2139
s2246,770
s2248,284
s2249,4469
s2251,1584
s2252,4904
s2253,1489
s2257,716
s2258,971
s2258,2404
s2260,1681
s2261,870
s2261,2590
s2262,4197
s2263,951
s2263,835
s2264,3707
s2265,4068
s2266,3705
s2267,4834
s2268,418
s2268,1206
s2268,2400
s2268,4986
s2269,392
s2270,4361
s2271,1089
s2272,1490
s2273,3386
s2274,2562
s2275,2388
s2276,3729
s2277,4465
s2278,4299
s2279,3452
s2280,3843
s2281,4169
s2282,4752
s2283,1196
s2284,4529
s2285,4304
s2286,33
s2286,2980
s2287,2772
s2288,4811
s2289,552
s2290,3319
s2291,21
s2292,1647
s2295,2735
s2296,3774
s2297,3798
s2301,4293
s2303,1382
s2303,2100
s2305,4060
s2305,379
s2308,2598
s2309,4085
s2310,781
s2311,533
s2312,699
s2313,781
s2315,3027
s2316,3090
s2317,252
s2317,3923
s2318,3571
s2320,4953
s2322,4729
s2324,3419
s2325,3774
s2326,1018
s2327,45
s2329,3725
s2331,1091
s2333,3450
s2334,1273
s2337,45
s2339,3806
s2340,4353
s2341,4353
s2342,639
s2342,2231
s2343,423
s2345,1535
s2346,1339
s2348,3260
s2349,1827
s2351,2425
s2351,2626
s2352,131
s2354,428
s2355,4954
s2357,1294
s2359,1637
s2361,3476
s2362,4954
s2364,3442
s2365,2360
s2365,4691
s2366,4954
s2367,4954
s2368,4954
s2369,4954
s2370,4954
s2371,3482
s2372,1273
s2373,2829
s2374,4954
s2375,1565
s2376,4954
s2377,4954
s2378,3612
s2380,2087
s2381,3492
s2382,3419
s2383,1619
s2386,2317
s2387,95
s2388,1827
s2390,2
s2392,1387
s2392,3663
s2393,3342
s2394,4365
s2398,3116
s2399,2545
s2403,225
s2404,504
s2406,3911
s2408,1558
s2411,3513
s2412,4038
s2413,528
s2413,4682
s2414,132
s2414,301
s2415,2396
s2417,3080
s2419,3215
s2420,96
s2421,418
s2422,3241
s2424,3645
s2425,3446
s2428,303
s2429,3258
s2430,113
s2431,1634
s2432,4102
s2434,4850
s2435,1808
s2436,4850
s2437,110
s2438,4113
s2439,2509
s2440,4851
s2442,1838
s2443,4283
s2444,4925
s2446,4072
s2447,4680
s2449,1679
s2452,2826
s2455,1890
s2456,3336
s2457,3085
s2458,117
s2459,362
s2461,4954
s2464,118
s2465,118
s2466,175
s2468,1421
s2469,2793
s2470,4955
s2471,2075
s2472,2294
s2472,583
s2475,360
s2476,3797
s2478,3788
s2479,1752
s2479,4948
s2479,133
s2480,3131
s2481,3407
s2481,1524
s2481,3190
s2481,2184
s2481,3917
s2482,3774
s2483,253
s2484,1443
s2485,1444
s2486,312
s2488,4114
s2489,1782
s2490,1782
s2491,1714
s2492,1765
s2493,3252
s2493,1687
s2494,2720
s2495,202
s2495,4107
s2497,3818
s2498,494
s2499,755
s2501,3048
s2502,4071
s2503,4283
s2504,110
s2505,227
s2506,108
s2507,108
s2508,2884
s2510,4850
s2511,227
s2512,1659
s2513,4851
s2514,1284
s2517,3221
s2521,2744
s2522,2625
s2523,4981
s2528,4335
s2532,1387
s2532,3663
s2533,1387
s2533,3663
s2534,4084
s2535,3226
s2536,3418
s2537,2333
s2538,86
s2539,4070
s2540,1260
s2541,4741
s2542,1781
s2544,921
s2545,4830
s2546,3768
s2548,1235
s2550,4875
s2551,1446
s2554,989
s2554,1764
s2554,2603
s2554,155
s2556,4051
s2557,1671
s2558,1722
s2559,3797
s2560,3273
s2561,3588
s2562,2112
s2563,29
s2564,2741
s2565,462
s2566,1743
s2567,198
s2568,1418
s2571,4270
s2572,4230
s2573,4270
s2574,668
s2577,2124
s2578,3150
s2579,3440
s2580,204
s2580,4380
s2582,2019
s2583,1331
s2583,4671
s2585,964
s2588,4292
s2590,3265
s2592,237
s2593,634
s2593,3603
s2594,2137
s2595,2137
s2596,2137
s2597,1178
s2598,3110
s2602,709
s2603,4331
s2604,1086
s2604,824
s2605,849
s2606,4915
s2608,3451
s2611,4158
s2613,3253
s2613,4054
s2614,4229
s2615,116
s2615,1721
s2616,1677
s2617,2384
s2618,1429
s2619,550
s2620,463
s2621,4915
s2622,4915
s2623,3558
s2624,113
s2625,2985
s2626,1807
s2627,2238
s2630,4780
s2631,2509
s2633,2964
s2634,282
s2635,3146
s2636,114
s2637,112
s2638,3218
s2639,113
s2643,788
s2645,3332
s2647,4756
s2648,4756
s2650,1686
s2651,4944
s2653,3727
s2654,3543
s2655,3389
s2656,2866
s2657,2561
s2660,4045
s2664,386
s2668,2785
s2669,2341
s2672,735
s2673,1614
s2674,1422
s2675,2678
s2676,98
s2676,3470
s2678,1364
s2678,2129
s2679,2224
s2680,1213
s2681,1789
s2682,232
s2683,1214
s2684,1312
s2686,2558
s2687,2999
s2688,4704
s2689,3451
s2691,2002
s2694,1154
s2695,1608
s2695,3050
s2696,1969
s2697,4387
s2698,157
s2701,3594
s2702,2779
s2703,871
s2704,1265
s2705,4199
s2706,3498
s2707,4945
s2708,3844
s2710,3088
s2712,3488
s2712,2754
s2713,442
s2714,135
s2715,1706
s2716,3255
s2717,2402
s2718,3764
s2720,1075
s2720,2229
s2721,4560
s2722,3782
s2723,2805
s2724,3747
s2725,3704
s2726,2805
s2727,4827
s2729,4265
s2730,4345
s2731,2400
s2732,2400
s2733,3376
s2734,4246
s2735,2400
s2736,4811
s2738,3764
s2738,369
s2738,245
s2739,3684
s2742,295
s2745,3858
s2745,2413
s2746,1436
s2748,3837
s2750,1486
s2751,3807
s2753,4808
s2755,1106
s2756,4410
s2757,3772
s2758,4093
s2759,1530
s2761,1191
s2763,3179
s2764,4639
s2764,1622
s2767,3320
s2769,3530
s2770,1302
s2770,1788
s2771,4646
s2771,2943
s2772,3697
s2774,4987
s2776,3315
s2777,2949
s2779,25
s2781,4541
s2782,6
s2782,1131
s2783,3784
s2787,1456
s2790,1501
s2796,1333
s2796,3815
s2797,1450
s2799,2198
s2800,4532
s2800,4949
s2801,2823
s2802,4498
s2804,2975
s2806,3666
s2807,2012
s2810,4177
s2811,3282
s2812,2137
s2813,2137
s2814,2776
s2815,2137
s2816,3312
s2818,4396
s2820,3472
s2821,4395
s2822,2527
s2823,2713
s2824,3051
s2829,2268
s2830,2777
s2831,4262
s2832,4712
s2833,100
s2834,4027
s2835,896
s2836,4381
s2837,3598
s2838,1015
s2840,4421
s2841,4727
s2843,2546
s2844,970
s2845,4211
s2845,3783
s2846,970
s2847,757
s2848,59
s2848,4967
s2849,2741
s2850,2884
s2851,476
s2852,4988
s2853,2797
s2854,3199
s2857,4339
s2859,3229
s2860,3024
s2861,2964
s2862,2652
s2863,4983
s2864,3569
s2865,1651
s2866,4916
s2867,4090
s2868,666
s2874,4727
s2877,2582
s2877,3245
s2878,226
s2878,3061
s2878,1398
s2878,3212
s2878,1386
s2879,4657
s2880,4857
s2882,1034
s2883,3389
s2885,3474
s2886,4236
s2887,1944
s2888,3929
s2890,4713
s2891,3154
s2896,3402
s2897,1997
s2898,1165
s2899,4352
s2900,2699
s2902,4659
s2904,359
s2905,3716
s2906,3494
s2907,4710
s2908,3599
s2909,1952
s2910,496
s2912,3878
s2912,4871
s2913,3965
s2914,3067
s2915,3433
s2916,691
s2917,465
s2919,807
s2920,4531
s2920,4048
s2920,2819
s2924,3507
s2924,821
s2925,3555
s2925,293
s2926,3094
s2929,583
s2929,2294
s2930,318
s2931,306
s2933,323
s2934,2617
s2935,2765
s2936,4252
s2937,2589
s2940,2001
s2941,2578
s2944,1930
s2947,492
s2947,384
s2948,1882
s2949,2331
s2949,2027
s2950,3300
s2950,62
s2951,1835
s2952,3933
s2953,1631
s2955,1997
s2956,219
s2957,4910
s2958,4353
s2961,3865
s2962,217
s2963,4601
s2964,1356
s2969,1491
s2970,4353
s2971,1750
s2973,1984
s2974,3450
s2976,2607
s2979,4257
s2982,1128
s2986,3781
s2987,1667
s2988,4831
s2988,126
s2989,2298
s2989,2305
s2990,918
s2991,2206
s2996,734
s2997,187
s3000,3708
s3003,3491
s3003,2320
s3004,2573
s3005,2795
s3007,1161
s3008,1117
s3009,4341
s3010,4740
s3015,767
s3017,4622
s3018,3416
s3019,676
s3020,4948
s3022,1050
s3023,3893
s3024,3495
s3026,328
s3027,4888
s3028,1078
s3028,980
s3030,3543
s3032,4416
s3033,3193
s3037,4361
s3039,4667
s3042,1232
s3044,1116
s3045,2891
s3047,4939
s3049,3226
s3052,1279
s3055,4767
s3058,2916
s3058,2599
s3059,2916
s3059,1325
s3060,2916
s3061,418
s3061,1206
s3061,2400
s3061,4986
s3062,3132
s3063,2143
s3065,2741
s3068,2377
s3069,1640
s3070,4586
s3071,1279
s3073,2173
s3074,4428
s3078,3803
s3079,4362
s3081,2228
s3082,701
s3090,4960
s3091,344
s3092,1316
s3094,3421
s3095,1292
s3097,2656
s3098,4697
s3099,138
s3099,3396
s3100,4007
s3101,1232
s3102,4297
s3102,1638
s3103,1847
s3105,3592
s3106,3841
s3108,1118
s3110,2733
s3111,4488
s3113,3451
s3114,1388
s3115,1471
s3116,3451
s3117,1424
s3119,3972
s3122,2928
s3124,4209
s3125,3415
s3125,4515
s3125,3736
s3125,3960
s3125,1599
s3125,3203
s3125,4551
s3125,2813
s3125,40
s3125,2566
s3125,4517
s3126,4669
s3127,2398
s3131,3419
s3132,1396
s3133,4986
s3134,1396
s3135,1396
s3136,3248
s3137,47
s3138,4732
s3139,1418
s3140,3821
s3141,1868
s3142,4804
s3143,1396
s3144,4986
s3145,4293
s3146,49
s3148,3821
s3150,4986
s3151,3074
s3152,3940
s3153,720
s3154,3451
s3155,618
s3156,1219
s3157,3940
s3158,3882
s3159,4298
s3160,4113
s3161,2608
s3162,3918
s3163,4720
s3164,4472
s3165,209
s3167,548
s3168,3524
s3170,3393
s3171,480
s3172,1327
s3175,3147
s3176,3931
s3176,4536
s3179,3451
s3180,3451
s3181,2191
s3187,2700
s3189,3151
s3190,4803
s3191,3008
s3192,3192
s3194,3506
s3195,4223
s3196,3309
s3198,1537
s3199,1869
s3201,4545
s3202,3254
s3203,4522
s3203,3328
s3204,4735
s3206,2755
s3206,1801
s3207,51
s3208,2992
s3210,3241
s3211,1854
s3212,2834
s3214,3174
s3215,828
s3216,3984
s3218,4654
s3219,2674
s3224,1278
s3225,541
s3226,3685
s3227,1300
s3227,2429
s3228,2964
s3229,4230
s3230,4412
s3234,4140
s3235,2952
s3235,4010
s3236,3844
s3238,2339
s3240,4732
s3245,3300
s3245,62
s3249,3233
s3251,1368
s3252,2588
s3254,2316
s3255,3752
s3257,4425
s3260,4631
s3261,3916
s3262,4152
s3263,1290
s3265,4859
s3266,180
s3267,3030
s3268,440
s3269,4266
s3269,4117
s3273,3291
s3274,4228
s3279,4770
s3281,2820
s3286,1542
s3290,914
s3291,4664
s3293,2288
s3297,2770
s3298,4907
s3300,3581
s3301,3658
s3303,4979
s3304,2741
s3306,3317
s3308,508
s3309,2357
s3310,2674
s3312,2998
s3313,3519
s3316,4175
s3318,4175
s3319,4187
s3320,3810
s3320,4451
s3321,4406
s3322,2118
s3323,4820
s3324,1329
s3325,4873
s3327,2903
s3330,2473
s3332,1709
s3333,1887
s3335,4560
s3336,1245
s3336,4971
s3338,1352
s3339,3068
s3344,626
s3347,2849
s3348,1122
s3349,2873
s3350,1374
s3354,3971
s3354,1497
s3355,2323
s3357,1223
s3359,3515
s3360,4159
s3363,690
s3366,1374
s3367,3001
s3372,3476
s3373,962
s3375,613
s3377,3135
s3380,4972
s3381,3136
s3384,340
s3385,1592
s3385,1545
s3387,1783
s3388,4957
s3389,1583
s3390,570
s3391,3685
s3392,4608
s3393,100
s3399,919
s3400,1471
s3403,4915
s3406,1038
s3408,1233
s3409,1263
s3410,4440
s3412,4704
s3413,4742
s3414,1643
s3418,544
s3419,2672
s3420,2525
s3422,919
s3423,2727
s3424,119
s3425,1986
s3426,2640
s3426,2479
s3428,1664
s3429,4819
s3430,641
s3432,637
s3433,4331
s3435,1182
s3437,3292
s3439,2043
s3440,2391
s3442,4045
s3444,306
s3447,4772
s3449,3456
s3451,4825
s3452,4736
s3457,1860
s3457,4412
s3460,2757
s3461,294
s3462,2657
s3466,4023
s3469,4848
s3472,3348
s3473,4446
s3473,3548
s3476,1803
s3476,3409
s3477,3393
s3478,1051
s3479,860
s3480,2828
s3481,2828
s3483,1645
s3485,2088
s3486,2354
s3486,2552
s3486,3071
s3486,2977
s3486,448
s3486,1740
s3486,4528
s3486,1309
s3486,1663
s3486,4290
s3487,2835
s3488,4900
s3491,3468
s3493,516
s3494,516
s3495,3100
s3496,4729
s3497,3738
s3498,431
s3499,1170
s3501,4179
s3504,2897
s3507,2519
s3507,3532
s3508,550
s3510,4126
s3512,2073
s3513,2847
s3514,4660
s3515,3066
s3517,516
s3518,3794
s3519,201
s3521,2384
s3523,4576
s3524,3417
s3529,3167
s3530,3461
s3531,416
s3532,2804
s3533,4588
s3534,509
s3537,1397
s3538,1
s3539,3634
s3542,1718
s3543,3634
s3543,2639
s3545,590
s3546,117
s3548,3717
s3548,2345
s3549,1418
s3550,170
s3555,2308
s3556,3983
s3557,4852
s3558,4868
s3560,4376
s3561,4938
s3564,3740
s3565,4487
s3566,3250
s3567,4173
s3568,4432
s3568,2329
s3569,466
s3570,466
s3571,466
s3573,2356
s3575,2328
s3583,4559
s3584,3138
s3587,2478
s3590,4816
s3590,418
s3591,841
s3591,823
s3591,4863
s3591,2707
s3591,2695
s3591,4281
s3591,4932
s3592,1213
s3594,2852
s3595,373
s3596,4843
s3597,164
s3600,3938
s3603,18
s3604,2120
s3604,959
s3606,2071
s3614,4288
s3615,4288
s3617,4473
s3618,2144
s3619,2800
s3620,2608
s3621,4257
s3622,612
s3623,2112
s3624,185
s3626,2065
s3627,1356
s3629,744
s3631,4802
s3632,3636
s3635,1577
s3636,2884
s3638,2265
s3639,3192
s3640,3441
s3642,4208
s3644,2409
s3644,2022
s3646,1966
s3647,1969
s3647,1173
s3648,1054
s3649,830
s3650,955
s3650,3538
s3651,4653
s3653,1463
s3654,2063
s3658,3627
s3659,91
s3662,3385
s3663,1022
s3669,1569
s3671,4869
s3673,4604
s3676,2116
s3677,316
s3679,1012
s3680,4364
s3682,2869
s3682,2899
s3682,2751
s3684,3066
s3694,2700
s3698,1744
s3699,4333
s3700,3919
s3702,4595
s3704,2423
s3707,3954
s3710,3569
s3712,187
s3712,2880
s3714,4473
s3715,4506
s3716,2484
s3718,2073
s3718,2070
s3719,3162
s3719,3162
s3720,2752
s3720,310
s3720,1870
s3721,1745
s3729,1745
s3729,2442
s3730,44
s3730,4370
s3731,408
s3732,871
s3733,3634
s3734,1969
s3735,2234
s3736,1875
s3739,2161
s3739,2571
s3740,4134
s3741,4828
s3744,1285
s3748,709
s3754,2591
s3757,2939
s3758,3963
s3759,4257
s3760,2964
s3762,1404
s3764,1821
s3765,1613
s3766,2637
s3767,2312
s3768,1683
s3769,263
s3772,3823
s3773,1369
s3774,3291
s3776,2990
s3777,2884
s3778,2694
s3778,655
s3782,1063
s3784,4139
s3786,972
s3787,1045
s3789,4069
s3791,3773
s3792,1673
s3794,1924
s3796,3273
s3798,4461
s3799,3045
s3801,3881
s3803,3171
s3803,137
s3804,4725
s3805,4777
s3806,2700
s3809,1209
s3810,1744
s3811,1744
s3812,1744
s3814,3584
s3815,4088
s3816,1449
s3817,4390
s3819,2424
s3820,92
s3821,2833
s3823,122
s3826,1601
s3829,36
s3830,4175
s3831,1741
s3833,819
s3834,1983
s3835,4933
s3837,3532
s3842,286
s3843,4935
s3858,196
s3858,3861
s3859,1473
s3860,1688
s3861,1405
s3863,1502
s3864,2108
s3866,2650
s3867,4883
s3869,2830
s3870,404
s3872,3091
s3873,3726
s3874,4510
s3875,2836
s3876,1742
s3878,2884
s3886,1055
s3889,1418
s3890,4915
s3891,4166
s3892,684
s3894,3709
s3895,609
s3896,1379
s3897,4128
s3900,4165
s3904,2032
s3905,3832
s3906,156
s3907,4746
s3908,595
s3909,3860
s3911,3276
s3912,4490
s3913,4843
s3914,4465
s3915,4473
s3916,299
s3917,4360
s3918,2658
s3919,277
s3920,985
s3922,2308
s3923,1711
s3924,1711
s3927,868
s3929,2653
s3929,4940
s3929,2046
s3929,2524
s3930,1418
s3931,2186
s3933,3766
s3934,2415
s3936,2047
s3940,2415
s3946,693
s3948,1418
s3949,3963
s3949,361
s3951,4280
s3952,4255
s3953,2674
s3955,4612
s3956,4276
s3958,1351
s3960,3471
s3961,"Sam ""Blitz"" Bazawule"
s3963,4509
s3964,2600
s3967,2171
s3968,4591
s3973,501
s3974,1686
s3975,4045
s3976,3743
s3978,1962
s3979,798
s3979,3659
s3983,3460
s3984,4456
s3986,2013
s3991,4865
s3992,2310
s3993,1945
s3994,2974
s3995,4592
s3996,2755
s3998,2403
s3998,4815
s4000,288
s4001,3873
s4003,3661
s4004,4922
s4005,1449
s4006,2764
s4008,2847
s4009,3132
s4009,3019
s4010,2847
s4011,3132
s4012,1472
s4014,95
s4018,2974
s4019,3437
s4020,2310
s4021,4592
s4022,774
s4025,1845
s4026,678
s4032,1796
s4032,1710
s4034,924
s4035,1320
s4037,947
s4038,1659
s4039,4865
s4040,3437
s4041,405
s4042,3414
s4046,2477
s4047,2800
s4048,4031
s4049,1825
s4050,4
s4051,1487
s4052,3411
s4053,3315
s4054,4908
s4059,2237
s4060,1461
s4061,3609
s4062,3766
s4063,839
s4065,3973
s4065,3671
s4066,2945
s4067,3159
s4068,760
s4069,774
s4070,4865
s4071,2800
s4072,2800
s4073,4367
s4074,774
s4075,774
s4076,774
s4077,774
s4078,1004
s4079,3437
s4081,3075
s4082,3579
s4083,2856
s4084,4045
s4086,454
s4087,194
s4088,1293
s4089,3510
s4092,4902
s4093,3557
s4094,3086
s4095,4502
s4096,Kevin MacDonald
s4097,3011
s4098,3688
s4099,1511
s4100,1023
s4101,2870
s4102,4253
s4103,4465
s4104,3758
s4105,2616
s4107,1692
s4108,4079
s4109,4549
s4111,1859
s4111,2794
s4113,4067
s4114,1032
s4116,2224
s4118,3809
s4121,4440
s4122,4675
s4124,2457
s4125,2348
s4129,3131
s4134,2208
s4135,285
s4136,65
s4136,2061
s4136,4722
s4136,1345
s4137,1769
s4137,2801
s4139,3886
s4140,3084
s4147,998
s4148,2825
s4149,3505
s4151,266
s4152,3506
s4153,3387
s4154,2847
s4155,729
s4156,4984
s4157,60
s4158,1389
s4159,2851
s4160,1686
s4161,2584
s4162,1686
s4162,3052
s4165,2059
s4166,2622
s4166,2274
s4170,1536
s4174,347
s4174,1208
s4175,4222
s4177,876
s4178,2243
s4181,308
s4182,2984
s4183,1832
s4186,4336
s4187,1712
s4189,4162
s4191,1428
s4192,4516
s4193,2654
s4194,3890
s4195,3963
s4196,3963
s4198,1539
s4199,1004
s4204,587
s4205,1778
s4206,1621
s4209,2549
s4209,1757
s4210,2580
s4211,3399
s4212,3398
s4213,17
s4214,2721
s4215,1549
s4218,4582
s4218,4584
s4220,4923
s4222,2665
s4223,1966
s4224,2582
s4225,3795
s4226,3777
s4229,2158
s4230,2158
s4232,851
s4233,851
s4234,2483
s4234,1107
s4235,3556
s4237,2347
s4238,4855
s4239,4855
s4240,4855
s4243,3549
s4244,3406
s4245,1301
s4247,2996
s4248,2996
s4249,1966
s4250,3915
s4253,12
s4256,3771
s4259,1270
s4260,1600
s4263,3395
s4268,2514
s4269,4501
s4276,1815
s4278,1580
s4279,3800
s4281,4419
s4282,4096
s4283,1942
s4284,4118
s4285,2131
s4285,4615
s4286,3690
s4287,2228
s4288,4369
s4290,1286
s4290,2189
s4292,3081
s4293,1087
s4294,4600
s4295,1898
s4296,4205
s4298,4316
s4300,2996
s4302,2996
s4303,1639
s4304,2848
s4307,220
s4314,2164
s4314,3290
s4315,2884
s4316,2878
s4318,382
s4319,2886
s4320,352
s4322,2981
s4323,684
s4324,1860
s4325,591
s4326,860
s4329,121
s4330,Andrew Lau Wai-Keung
s4331,820
s4332,1324
s4333,2422
s4334,2205
s4335,2635
s4336,3681
s4337,3281
s4338,2205
s4339,2205
s4340,521
s4342,2680
s4342,2763
s4343,1982
s4344,Andrew Lau Wai-Keung
s4346,1407
s4347,1198
s4349,1525
s4350,2708
s4352,2191
s4353,991
s4355,2279
s4355,4226
s4356,235
s4358,3288
s4359,2658
s4361,3995
s4362,4207
s4365,1185
s4365,3184
s4370,929
s4371,1420
s4374,3950
s4375,3963
s4376,3733
s4378,1132
s4379,2672
s4383,1020
s4384,1476
s4386,2129
s4386,1364
s4389,4762
s4391,2370
s4392,3377
s4393,4630
s4394,3279
s4395,3384
s4395,1954
s4396,4508
s4397,124
s4397,2217
s4398,1349
s4399,903
s4402,4821
s4403,893
s4405,1119
s4412,4574
s4415,2987
s4417,4150
s4418,649
s4419,3462
s4420,3238
s4421,1810
s4422,3748
s4423,3828
s4424,3828
s4425,443
s4426,3791
s4427,417
s4428,2465
s4429,2370
s4430,3700
s4430,2556
s4432,4840
s4433,4752
s4434,1656
s4435,635
s4436,1666
s4438,279
s4439,3748
s4440,515
s4441,3195
s4442,2796
s4443,4077
s4444,4076
s4445,2575
s4446,49
s4447,4481
s4448,1519
s4449,3372
s4450,417
s4451,2608
s4452,3386
s4453,3311
s4454,3748
s4455,1206
s4456,4616
s4457,2579
s4458,3682
s4459,3715
s4460,1538
s4461,2494
s4463,2035
s4464,134
s4465,4308
s4467,4170
s4468,1008
s4469,2059
s4471,4893
s4472,4635
s4473,177
s4474,4225
s4476,4127
s4478,4809
s4481,4843
s4482,4052
s4483,4417
s4485,1232
s4487,2102
s4487,708
s4491,2880
s4493,3612
s4494,2523
s4497,3763
s4500,1112
s4501,4630
s4503,4598
s4506,4665
s4507,364
s4508,3767
s4510,4237
s4511,1512
s4513,3570
s4514,2141
s4515,3497
s4516,3900
s4517,2515
s4520,4149
s4523,3552
s4525,4036
s4525,1057
s4526,4376
s4527,2386
s4529,856
s4533,3425
s4534,4540
s4538,2435
s4539,3357
s4540,1232
s4541,1334
s4541,485
s4542,393
s4544,4882
s4545,1334
s4546,4882
s4548,4583
s4548,1792
s4549,3981
s4549,1905
s4553,4584
s4555,1792
s4556,163
s4557,4329
s4558,2370
s4559,3778
s4560,3267
s4561,1166
s4562,3773
s4563,418
s4564,2844
s4565,4243
s4566,4246
s4567,4637
s4568,279
s4569,267
s4570,3511
s4572,417
s4573,3989
s4574,465
s4575,475
s4576,4833
s4577,3989
s4578,4266
s4579,3703
s4580,512
s4581,3837
s4582,4337
s4583,4111
s4584,790
s4585,521
s4586,279
s4587,3265
s4588,3757
s4589,3718
s4590,1828
s4591,1828
s4592,1114
s4593,4598
s4594,276
s4595,3506
s4596,1871
s4597,4476
s4598,2387
s4599,140
s4600,3369
s4601,2980
s4601,33
s4602,33
s4602,2980
s4603,4829
s4604,4814
s4606,4800
s4607,1270
s4608,4481
s4610,4164
s4611,4816
s4612,3267
s4613,503
s4614,4314
s4615,4078
s4616,375
s4617,2468
s4618,3234
s4619,1676
s4620,2056
s4621,2521
s4625,3963
s4626,14
s4626,1569
s4627,389
s4631,3801
s4631,151
s4642,438
s4643,3368
s4647,182
s4650,2257
s4654,2792
s4657,2504
s4657,2115
s4658,1794
s4660,1462
s4661,3767
s4662,2073
s4665,3608
s4666,3445
s4667,3706
s4668,3454
s4669,1955
s4670,2397
s4672,4122
s4676,2986
s4680,4294
s4681,4549
s4682,4
s4684,2258
s4685,4644
s4686,3537
s4687,3169
s4688,1675
s4689,1789
s4691,467
s4692,477
s4693,3805
s4694,3713
s4695,4301
s4698,2854
s4699,4495
s4700,4914
s4701,4816
s4702,4026
s4706,3185
s4707,1873
s4708,1441
s4709,175
s4713,52
s4714,4061
s4715,3373
s4716,4912
s4716,4947
s4716,1689
s4719,2631
s4720,4833
s4721,4811
s4721,3388
s4722,2796
s4723,49
s4724,2512
s4725,4135
s4726,4833
s4727,1807
s4728,3704
s4729,4292
s4730,3696
s4731,465
s4732,3682
s4733,3773
s4734,3677
s4735,1807
s4736,2832
s4737,354
s4738,4833
s4740,2069
s4740,3448
s4741,3486
s4746,4570
s4747,4570
s4749,4695
s4750,3721
s4750,1921
s4752,571
s4754,2538
s4756,51
s4757,4425
s4758,1015
s4761,861
s4766,209
s4769,215
s4770,2549
s4770,1757
s4771,928
s4774,1118
s4775,4197
s4776,1207
s4780,2647
s4782,3721
s4782,1921
s4783,2105
s4784,4120
s4785,210
s4786,2494
s4787,4184
s4788,4184
s4789,2884
s4790,4106
s4791,3746
s4792,627
s4792,914
s4793,512
s4794,2382
s4795,3161
s4796,3377
s4797,4116
s4798,4830
s4800,2313
s4801,2388
s4802,591
s4802,978
s4803,4296
s4804,1969
s4806,4931
s4807,3004
s4809,3721
s4809,1921
s4811,3975
s4812,1287
s4813,1402
s4815,4257
s4817,4214
s4818,3263
s4820,1566
s4823,3834
s4824,2793
s4824,2226
s4826,4986
s4826,2400
s4826,418
s4826,1206
s4827,3420
s4828,2894
s4828,1655
s4829,921
s4830,3779
s4831,1271
s4834,967
s4835,2021
s4836,4746
s4840,4238
s4841,3308
s4843,2777
s4844,1409
s4848,3404
s4850,3721
s4850,1921
s4851,199
s4852,2884
s4855,4615
s4856,2390
s4859,694
s4860,3060
s4861,3319
s4862,1717
s4864,1969
s4865,387
s4865,70
s4867,3721
s4867,1921
s4868,4719
s4868,530
s4869,4820
s4871,636
s4872,1009
s4873,4350
s4874,3950
s4876,337
s4877,1823
s4878,3904
s4878,2016
s4879,412
s4881,3833
s4882,2204
s4883,3531
s4884,1418
s4885,2092
s4886,1195
s4887,257
s4888,1442
s4888,3994
s4889,2352
s4890,2740
s4891,202
s4892,2370
s4894,221
s4898,1641
s4898,1083
s4900,3700
s4902,1222
s4903,4788
s4905,275
s4906,4573
s4907,1153
s4908,565
s4910,974
s4912,2623
s4913,3947
s4916,3031
s4917,1950
s4917,1073
s4918,733
s4918,2520
s4918,3970
s4919,4131
s4920,350
s4921,3438
s4922,2937
s4923,1141
s4923,1723
s4924,3586
s4928,2689
s4929,2301
s4930,1288
s4932,3631
s4933,3619
s4935,2915
s4936,4042
s4937,1716
s4938,1188
s4939,4045
s4940,2036
s4941,3721
s4941,1921
s4944,1654
s4945,2389
s4946,42
s4948,1211
s4949,3700
s4951,4045
s4953,1391
s4954,298
s4955,1391
s4956,281
s4957,512
s4959,2119
s4960,3439
s4961,1931
s4963,3721
s4963,1921
s4964,2666
s4966,3169
s4967,3169
s4969,1003
s4970,3192
s4971,2591
s4972,3164
s4973,1061
s4975,3107
s4976,99
s4978,650
s4980,242
s4982,4943
s4983,4480
s4984,2138
s4987,2892
s4988,4920
s4990,2169
s4991,4791
s4992,2441
s4994,2966
s4996,4757
s4997,3564
s4997,3885
s4999,3132
s5000,569
s5002,3721
s5002,1921
s5003,3721
s5003,1921
s5004,3957
s5007,3208
s5008,2837
s5009,2837
s5010,1089
s5011,4049
s5012,2615
s5013,273
s5014,750
s5015,465
s5016,3190
s5016,2184
s5016,3917
s5017,3190
s5017,2184
s5017,3917
s5018,3190
s5018,2184
s5018,3917
s5019,3169
s5020,3169
s5021,3196
s5022,2837
s5023,1763
s5025,2884
s5026,3495
s5029,1250
s5032,1678
s5034,1488
s5035,2896
s5038,4393
s5040,627
s5041,296
s5042,3952
s5042,4356
s5043,1082
s5044,4543
s5045,435
s5046,2608
s5048,2351
s5050,3116
s5051,1804
s5052,4951
s5054,1244
s5055,996
s5056,4218
s5057,2967
s5059,1958
s5059,1959
s5060,1147
s5061,3116
s5063,3721
s5063,1921
s5065,1819
s5067,3721
s5067,1921
s5068,4189
s5069,4144
s5069,3489
s5072,3116
s5073,806
s5074,2994
s5074,4505
s5075,846
s5077,3721
s5077,1921
s5078,2549
s5078,1757
s5080,2621
s5080,4751
s5081,3765
s5082,3840
s5084,1126
s5085,3040
s5086,842
s5087,1969
s5089,3197
s5092,3176
s5093,2975
s5094,963
s5095,2277
s5097,4928
s5101,4376
s5102,183
s5103,1963
s5105,2749
s5107,1193
s5108,3391
s5109,1966
s5111,3535
s5112,1025
s5114,1074
s5115,1210
s5116,2874
s5116,2370
s5117,2774
s5118,3619
s5122,1352
s5123,4776
s5124,4233
s5125,586
s5128,2884
s5130,1092
s5131,4751
s5132,2621
s5132,4751
s5133,1247
s5134,2130
s5135,1966
s5136,1807
s5137,3073
s5138,1373
s5138,2005
s5143,2669
s5144,3284
s5144,4320
s5145,3443
s5147,225
s5149,3262
s5149,2291
s5152,4302
s5153,2212
s5154,1795
s5157,1074
s5159,531
s5159,2085
s5161,2296
s5162,4729
s5163,1861
s5164,205
s5165,876
s5168,1165
s5172,2884
s5173,148
s5175,1598
s5177,3721
s5177,1921
s5178,2870
s5180,883
s5182,698
s5183,2188
s5184,354
s5185,3501
s5187,254
s5188,1784
s5189,224
s5189,1796
s5190,228
s5191,979
s5197,2324
s5198,1354
s5199,192
s5200,3950
s5202,1635
s5203,2427
s5204,3709
s5205,678
s5208,4972
s5210,1726
s5210,3724
s5212,2055
s5213,3820
s5214,636
s5215,3195
s5218,3796
s5219,1144
s5221,4245
s5223,2810
s5224,4937
s5225,1921
s5226,2747
s5227,3045
s5228,3393
s5229,2812
s5230,640
s5231,1969
s5234,1097
s5235,653
s5236,1574
s5239,759
s5240,1448
s5241,4843
s5242,2405
s5249,4785
s5250,751
s5250,174
s5253,3176
s5254,1862
s5256,3898
s5257,1259
s5261,3271
s5262,2730
s5265,4858
s5266,11
s5267,866
s5268,291
s5269,3076
s5270,948
s5271,359
s5272,4917
s5274,569
s5276,1287
s5277,3132
s5278,1423
s5280,3974
s5280,1458
s5282,2273
s5283,4495
s5284,2777
s5291,3765
s5293,4708
s5294,4708
s5295,4648
s5297,3765
s5301,3223
s5303,1289
s5304,4248
s5305,4751
s5307,1439
s5308,2290
s5308,4906
s5309,4596
s5309,161
s5310,2621
s5310,4751
s5311,1536
s5311,2898
s5312,1531
s5313,3813
s5314,1830
s5315,2898
s5315,1536
s5316,2884
s5317,4151
s5318,772
s5319,83
s5320,2884
s5323,1027
s5323,4524
s5324,4689
s5326,1966
s5327,1966
s5329,3610
s5330,1985
s5331,2264
s5332,3138
s5333,4872
s5334,1352
s5335,4052
s5336,4052
s5337,4052
s5338,4052
s5339,4052
s5340,4052
s5341,3912
s5342,3028
s5343,3721
s5343,1921
s5344,713
s5345,1383
s5347,1422
s5352,2148
s5354,229
s5358,3044
s5359,1820
s5360,928
s5362,908
s5365,926
s5368,4774
s5369,2091
s5370,1022
s5371,2420
s5372,1401
s5373,1326
s5374,105
s5375,1359
s5376,1703
s5377,2009
s5378,2955
s5379,1966
s5380,1966
s5382,4384
s5386,3529
s5388,3362
s5389,4221
s5390,928
s5392,2661
s5395,1224
s5397,4503
s5399,1547
s5401,2661
s5403,3575
s5409,4751
s5412,3465
s5416,638
s5417,605
s5418,2371
s5419,679
s5420,662
s5421,3388
s5424,4021
s5424,2207
s5425,4189
s5427,1964
s5428,2534
s5428,2445
s5429,1800
s5430,452
s5431,737
s5432,740
s5433,3103
s5436,797
s5441,3459
s5442,2838
s5443,4630
s5443,2531
s5444,4085
s5447,2362
s5448,4751
s5449,1274
s5450,3457
s5451,740
s5452,1274
s5453,1978
s5454,3908
s5455,372
s5456,2480
s5457,1044
s5461,2480
s5462,2661
s5463,4751
s5464,165
s5467,1274
s5468,957
s5469,2688
s5470,4833
s5472,2123
s5473,3737
s5474,1122
s5475,1992
s5476,914
s5477,1757
s5479,2775
s5479,1291
s5481,4045
s5482,3765
s5483,2581
s5484,4340
s5485,240
s5486,3765
s5487,1430
s5488,353
s5490,1256
s5490,1017
s5490,3239
s5491,4201
s5492,3665
s5493,2714
s5494,2004
s5496,1921
s5496,3721
s5497,3072
s5498,2076
s5499,2379
s5500,2805
s5501,3694
s5502,2745
s5503,1879
s5504,1274
s5505,4200
s5506,4464
s5507,1216
s5508,1824
s5508,1817
s5509,2547
s5512,4365
s5513,1372
s5516,1540
s5517,3434
s5518,1408
s5518,2783
s5519,2884
s5522,2081
s5522,4009
s5522,3801
s5523,1419
s5525,71
s5526,1966
s5527,1193
s5528,1193
s5529,1193
s5530,314
s5531,2461
s5532,2902
s5533,3158
s5534,4433
s5535,414
s5536,2674
s5537,1611
s5537,1813
s5540,1569
s5541,2127
s5542,2729
s5544,212
s5545,1880
s5546,2380
s5547,2912
s5548,498
s5549,1948
s5550,3
s5551,1269
s5552,1014
s5553,2517
s5555,2632
s5556,1602
s5557,812
s5558,4257
s5560,1213
s5561,3049
s5562,4688
s5563,4376
s5565,2719
s5566,4511
s5569,2359
s5571,1894
s5572,4146
s5573,1346
s5574,3615
s5574,1906
s5575,4267
s5577,4257
s5578,2868
s5580,1567
s5582,4915
s5583,288
s5585,4219
s5587,4230
s5587,3168
s5588,47
s5589,2602
s5590,4681
s5591,2791
s5595,1132
s5596,2856
s5597,2456
s5598,2319
s5600,3386
s5601,4606
s5603,4090
s5603,4178
s5605,3720
s5606,2983
s5607,3119
s5608,942
s5611,3887
s5613,2097
s5613,890
s5614,4179
s5614,137
s5615,3721
s5615,1921
s5616,2824
s5617,3991
s5618,1391
s5619,4296
s5620,2103
s5621,2236
s5622,3601
s5623,1969
s5624,166
s5625,4055
s5626,77
s5627,2875
s5628,2884
s5629,2910
s5630,370
s5631,827
s5632,3317
s5633,1682
s5634,317
s5635,3038
s5636,722
s5637,1775
s5638,244
s5639,3206
s5640,1990
s5642,518
s5643,1315
s5644,1623
s5645,4760
s5646,3209
s5647,2608
s5648,3990
s5649,4422
s5649,4321
s5650,1879
s5652,48
s5653,1212
s5657,2266
s5658,3892
s5658,2054
s5660,4601
s5661,2847
s5662,4813
s5664,4202
s5665,4330
s5667,2997
s5675,1893
s5677,1295
s5679,3721
s5679,1921
s5680,194
s5682,1914
s5683,3338
s5686,862
s5688,194
s5689,3998
s5690,576
s5692,4065
s5694,76
s5695,1298
s5696,3937
s5697,4303
s5698,3776
s5699,3846
s5702,4784
s5703,2698
s5705,2006
s5706,546
s5707,2857
s5709,3475
s5710,877
s5711,3706
s5712,1921
s5712,3722
s5713,4257
s5713,3149
s5714,2063
s5715,1764
s5718,4845
s5719,2845
s5720,2014
s5722,2722
s5725,2884
s5726,2515
s5726,3869
s5727,3875
s5734,1726
s5734,3724
s5735,3244
s5736,1314
s5737,3950
s5738,3464
s5739,4866
s5740,2342
s5741,4964
s5743,580
s5744,3982
s5746,393
s5747,4605
s5748,4708
s5749,3406
s5750,3406
s5751,937
s5755,Kevin MacDonald
s5756,903
s5757,2241
s5758,494
s5759,1067
s5761,3884
s5762,3084
s5765,3849
s5766,1636
s5768,19
s5771,170
s5773,11
s5774,1828
s5775,1137
s5777,3669
s5779,3689
s5780,3568
s5780,2216
s5781,3848
s5783,3964
s5783,682
s5784,639
s5784,2231
s5785,636
s5793,4696
s5794,4729
s5795,2729
s5796,3461
s5797,996
s5798,1000
s5809,1969
s5810,905
s5811,2372
s5814,2729
s5816,3089
s5817,4729
s5818,1969
s5819,1966
s5820,186
s5821,3089
s5822,2192
s5825,906
s5827,4678
s5829,4310
s5831,2412
s5832,2108
s5833,247
s5834,3706
s5835,4577
s5836,4045
s5838,1732
s5838,3692
s5838,4466
s5838,3280
s5838,415
s5838,4125
s5838,3706
s5838,3769
s5838,3756
s5838,46
s5838,4490
s5840,3721
s5840,1921
s5841,3902
s5842,4893
s5843,627
s5843,914
s5847,4433
s5848,1969
s5849,3887
s5850,2218
s5852,1411
s5852,Felix van Groeningen
s5853,3176
s5855,1491
s5858,3969
s5859,1940
s5860,4107
s5861,4355
s5861,2725
s5862,2170
s5865,4958
s5866,3209
s5869,2608
s5873,3721
s5873,1921
s5874,4893
s5875,4893
s5876,1969
s5877,239
s5879,2601
s5880,1465
s5881,1524
s5881,3190
s5881,2184
s5881,3917
s5882,4341
s5884,2569
s5885,3841
s5887,1841
s5888,852
s5888,2033
s5888,3539
s5888,2630
s5888,2168
s5888,3301
s5888,728
s5888,4445
s5888,1157
s5888,2487
s5888,3978
s5888,3178
s5888,2925
s5889,1290
s5890,320
s5891,68
s5892,765
s5893,24
s5893,2909
s5894,1376
s5895,1969
s5897,3238
s5898,2534
s5898,2445
s5899,1681
s5900,1969
s5902,2570
s5902,461
s5904,3535
s5905,3639
s5906,398
s5907,2713
s5908,2038
s5910,2756
s5911,2081
s5911,4009
s5912,2608
s5913,3177
s5914,605
s5916,511
s5917,1136
s5918,2144
s5922,1969
s5925,2608
s5926,3461
s5927,2434
s5927,4014
s5928,4905
s5929,1914
s5930,2759
s5930,932
s5931,3939
s5931,1433
s5932,800
s5932,2790
s5933,4866
s5935,1626
s5936,2022
s5937,1943
s5938,2289
s5939,4879
s5939,1261
s5942,950
s5943,2613
s5944,3935
s5945,1337
s5946,2133
s5947,4022
s5948,449
s5949,2162
s5950,726
s5951,3876
s5952,2701
s5953,3986
s5954,3905
s5954,3925
s5955,1797
s5956,2111
s5957,3427
s5958,4358
s5959,4254
s5960,3934
s5961,2505
s5962,4300
s5963,4812
s5964,2583
s5966,3552
s5967,4509
s5969,4806
s5970,4148
s5971,473
s5972,2778
s5972,1095
s5973,3111
s5974,3106
s5976,5
s5977,3476
s5978,2416
s5980,67
s5981,2659
s5982,3992
s5984,3056
s5986,4105
s5988,4796
s5989,1042
s5991,1026
s5992,4183
s5992,4231
s5993,3862
s5994,723
s5995,1120
s5996,3812
s5997,3238
s5999,1713
s6000,3183
s6001,2223
s6001,4188
s6003,2135
s6004,689
s6005,3339
s6006,4322
s6007,594
s6008,3276
s6009,1504
s6010,1806
s6011,4277
s6012,1680
s6013,4025
s6014,2789
s6015,1856
s6016,336
s6017,361
s6018,4794
s6019,3623
s6020,2246
s6021,3900
s6022,4640
s6023,597
s6024,4716
s6025,3390
s6026,3046
s6026,1400
s6028,2223
s6028,4188
s6029,3496
s6030,2144
s6031,3854
s6032,4378
s6033,4405
s6034,4663
s6035,2946
s6036,3828
s6037,3997
s6039,1350
s6040,3138
s6041,4579
s6042,2083
s6043,351
s6044,847
s6046,108
s6047,1845
s6048,912
s6048,654
s6050,2158
s6051,2257
s6052,3108
s6053,2448
s6054,3085
s6055,1738
s6056,1826
s6057,456
s6058,1364
s6058,2129
s6059,2888
s6060,3298
s6061,2961
s6062,686
s6063,80
s6064,3319
s6065,1629
s6066,494
s6069,4037
s6070,3431
s6071,269
s6072,3157
s6073,794
s6074,3682
s6075,3276
s6076,4759
s6077,473
s6079,1
s6080,2358
s6080,4235
s6081,785
s6082,879
s6082,3573
s6083,1046
s6084,222
s6085,2340
s6086,2338
s6087,3182
s6087,4196
s6088,2814
s6089,665
s6091,4597
s6092,383
s6093,4124
s6094,2595
s6096,715
s6097,695
s6098,409
s6099,3360
s6100,4585
s6104,4294
s6105,242
s6107,620
s6108,33
s6108,2980
s6110,771
s6111,1573
s6111,215
s6112,2964
s6113,1843
s6114,4203
s6115,4494
s6116,1370
s6117,1229
s6117,1523
s6117,1001
s6118,4766
s6119,814
s6120,848
s6121,2246
s6122,3017
s6123,4822
s6124,2655
s6125,3879
s6126,3879
s6128,1617
s6129,4721
s6130,483
s6131,2846
s6132,2510
s6134,813
s6135,3081
s6136,4098
s6137,661
s6139,526
s6140,4263
s6141,2947
s6142,4892
s6143,4161
s6144,4698
s6145,313
s6146,3352
s6148,2971
s6149,2060
s6150,468
s6151,2399
s6152,1229
s6153,3643
s6153,4327
s6154,2614
s6155,2614
s6156,4850
s6158,3595
s6159,1829
s6159,1721
s6160,499
s6161,753
s6163,4620
s6164,2760
s6165,3623
s6166,3503
s6169,4344
s6170,3562
s6171,2322
s6172,3635
s6173,4284
s6174,369
s6176,2462
s6177,2840
s6179,1135
s6179,892
s6180,1848
s6180,2295
s6181,1601
s6182,885
s6182,1459
s6183,902
s6184,2508
s6185,3335
s6186,1951
s6187,4156
s6188,2156
s6189,1895
s6190,2180
s6191,4483
s6192,3186
s6193,1949
s6194,3062
s6196,1125
s6196,1867
s6197,1384
s6197,489
s6198,3189
s6200,1493
s6201,399
s6201,2126
s6202,2683
s6203,392
s6204,125
s6205,7
s6206,171
s6207,4287
s6208,2269
s6209,72
s6210,1069
s6211,3120
s6212,3074
s6213,3074
s6215,1085
s6216,4082
s6218,4479
s6218,4486
s6219,2373
s6221,4327
s6222,3646
s6223,3646
s6224,1661
s6225,721
s6226,4985
s6227,27
s6227,75
s6228,4546
s6230,2850
s6231,89
s6232,2261
s6233,3755
s6234,3025
s6235,2598
s6236,84
s6237,4977
s6238,2405
s6239,343
s6239,3097
s6240,4889
s6241,1378
s6242,948
s6243,1378
s6244,948
s6244,1378
s6244,3097
s6245,2592
s6246,1361
s6247,3768
s6248,1151
s6249,3571
s6252,1064
s6255,1768
s6256,4073
s6257,2692
s6258,2300
s6260,4844
s6260,358
s6261,3053
s6267,3181
s6268,707
s6269,103
s6269,2511
s6270,2508
s6271,2334
s6272,80
s6273,1433
s6274,2451
s6275,2428
s6278,3759
s6279,402
s6281,427
s6283,73
s6284,2110
s6285,2110
s6286,1664
s6288,4542
s6289,4568
s6290,1200
s6291,2509
s6293,4504
s6294,2817
s6297,3700
s6298,3764
s6299,3700
s6300,3778
s6301,1933
s6303,2136
s6304,1180
s6306,4273
s6307,4186
s6308,2418
s6309,4007
s6310,3349
s6311,4257
s6312,4402
s6313,4846
s6313,1016
s6314,1811
s6315,1508
s6315,4810
s6315,1588
s6315,3804
s6316,1311
s6317,2895
s6318,1670
s6320,3163
s6321,4491
s6322,2922
s6323,3889
s6325,2277
s6326,4039
s6327,2068
s6328,962
s6329,2960
s6330,1500
s6331,1011
s6332,1365
s6333,572
s6334,1159
s6335,2353
s6337,1987
s6338,4569
s6339,37
s6340,4903
s6341,2681
s6343,2056
s6344,2670
s6345,1186
s6346,533
s6347,2052
s6349,1975
s6350,1310
s6351,3745
s6352,1496
s6352,4705
s6353,658
s6354,1553
s6354,342
s6355,728
s6355,880
s6356,207
s6357,2023
s6359,451
s6360,2392
s6363,1520
s6363,4013
s6364,1546
s6366,3880
s6367,144
s6368,878
s6370,3087
s6371,4203
s6372,778
s6373,2106
s6375,4367
s6376,4317
s6377,3842
s6378,3920
s6380,404
s6381,2736
s6383,4842
s6384,4842
s6385,4842
s6387,3191
s6388,315
s6389,1121
s6391,4411
s6392,2225
s6393,2644
s6395,766
s6395,2249
s6396,1028
s6397,1047
s6398,4714
s6400,360
s6401,3270
s6403,469
s6404,2796
s6406,3229
s6407,3229
s6409,752
s6410,4185
s6411,2705
s6413,3622
s6415,1704
s6415,1163
s6416,588
s6418,2376
s6419,3412
s6420,2933
s6422,838
s6423,4645
s6424,675
s6425,6
s6425,1131
s6426,3005
s6428,2957
s6429,4899
s6430,4899
s6432,3857
s6433,4247
s6434,644
s6435,23
s6435,3117
s6436,1734
s6437,4295
s6438,3341
s6439,1701
s6440,31
s6441,1089
s6442,4748
s6443,444
s6444,1205
s6445,1514
s6446,2151
s6447,4621
s6448,3045
s6449,801
s6449,1837
s6450,1089
s6451,2506
s6453,4899
s6453,1941
s6454,2190
s6455,1649
s6459,648
s6462,4315
s6462,471
s6463,471
s6463,4309
s6464,4309
s6464,471
s6465,3764
s6465,616
s6466,420
s6467,2920
s6468,3389
s6469,4668
s6471,4544
s6472,2759
s6473,549
s6474,2466
s6475,478
s6476,339
s6477,953
s6479,2913
s6480,1532
s6481,2125
s6482,2860
s6483,1830
s6485,3227
s6486,1768
s6487,3573
s6489,1424
s6489,2432
s6490,3597
s6492,3354
s6493,2731
s6494,1630
s6495,1342
s6497,1857
s6498,1465
s6500,869
s6501,2150
s6502,2693
s6502,2606
s6502,4677
s6503,3442
s6504,3006
s6511,4602
s6512,2670
s6513,4835
s6516,4174
s6517,1437
s6518,2480
s6519,4970
s6522,3931
s6523,3778
s6524,966
s6526,2066
s6526,4522
s6527,4374
s6528,4771
s6529,1543
s6530,3476
s6531,3778
s6532,38
s6534,4455
s6535,2228
s6536,568
s6537,1739
s6538,1935
s6540,3065
s6540,1509
s6541,3553
s6542,2559
s6544,355
s6545,1231
s6546,4968
s6547,793
s6548,1711
s6549,1521
s6551,4418
s6552,264
s6553,3490
s6554,2211
s6555,3741
s6556,1989
s6558,2021
s6559,3652
s6562,660
s6563,3980
s6565,104
s6566,213
s6567,1581
s6568,3695
s6570,3523
s6571,2337
s6574,280
s6575,1258
s6575,540
s6576,3393
s6576,1872
s6577,4661
s6578,4550
s6579,1052
s6580,1173
s6581,4547
s6582,785
s6583,1946
s6584,3324
s6585,1700
s6586,930
s6589,354
s6590,2463
s6590,447
s6591,1181
s6592,742
s6593,889
s6594,4569
s6595,1483
s6596,4100
s6597,3217
s6598,913
s6599,3093
s6600,4057
s6601,931
s6603,4479
s6603,4486
s6605,1809
s6606,1695
s6607,564
s6609,584
s6610,2655
s6611,2581
s6613,1973
s6615,833
s6616,4649
s6617,574
s6618,3327
s6620,1113
s6621,3561
s6622,3650
s6623,804
s6624,675
s6625,2807
s6625,491
s6625,4880
s6625,1077
s6625,1065
s6625,4913
s6625,158
s6625,2235
s6625,1249
s6625,656
s6626,1929
s6627,4730
s6628,4597
s6629,4597
s6630,4597
s6631,746
s6632,1021
s6633,3168
s6634,3185
s6635,346
s6637,4899
s6638,2183
s6639,2781
s6640,628
s6641,4190
s6641,4924
s6642,3903
s6643,945
s6644,1240
s6645,3542
s6646,3764
s6648,1618
s6649,4726
s6650,3825
s6654,101
s6655,1280
s6656,4729
s6657,1317
s6658,1066
s6662,394
s6663,4876
s6665,4044
s6666,700
s6667,128
s6668,1694
s6669,4479
s6669,4486
s6670,4369
s6671,3653
s6676,2984
s6678,2377
s6680,1403
s6681,543
s6682,2147
s6683,4210
s6684,1380
s6684,1779
s6685,1779
s6685,1380
s6686,3378
s6687,2232
s6688,3137
s6689,3896
s6690,3326
s6692,2526
s6693,1616
s6695,127
s6697,1074
s6699,1176
s6700,2042
s6701,1939
s6702,3927
s6703,1244
s6704,2586
s6705,4896
s6706,169
s6707,2871
s6709,4768
s6711,4674
s6712,3572
s6713,3956
s6714,456
s6716,1833
s6717,188
s6719,1896
s6720,4452
s6721,305
s6721,2914
s6721,2548
s6721,3426
s6722,3142
s6723,346
s6724,2284
s6726,1664
s6727,1664
s6728,1664
s6730,581
s6731,3010
s6734,4134
s6735,878
s6736,1630
s6737,4212
s6737,2577
s6738,1691
s6739,2454
s6740,3277
s6741,4240
s6743,1786
s6744,4582
s6746,3626
s6747,3408
s6748,621
s6749,2767
s6750,434
s6752,4702
s6753,360
s6754,1912
s6755,1133
s6756,1912
s6757,1576
s6758,4059
s6759,450
s6760,4434
s6761,3383
s6762,2455
s6763,338
s6765,1571
s6766,822
s6768,2859
s6769,2509
s6770,1629
s6772,2395
s6772,4251
s6773,472
s6776,2318
s6777,4740
s6778,2923
s6778,2499
s6779,1158
s6780,2931
s6781,3877
s6782,2110
s6784,2214
s6784,64
s6785,1478
s6787,2755
s6788,3042
s6790,2648
s6791,4232
s6793,3185
s6794,1630
s6795,3393
s6797,4731
s6798,1091
s6799,4328
s6800,2863
s6801,4113
s6802,4849
s6802,2067
s6803,2325
s6805,2883
s6806,4326
s6808,2811
s6809,3668
s6810,1724
s6811,160
s6814,960
s6815,4200
s6816,633
s6817,2638
s6818,66
s6819,1767
s6820,1412
s6822,3577
s6824,2746
s6827,2964
s6829,1798
s6830,4030
s6831,1754
s6832,2831
s6833,3477
s6838,1102
s6839,1653
s6840,3345
s6841,913
s6843,3623
s6844,1140
s6845,3768
s6846,3851
s6847,2439
s6847,2976
s6848,2942
s6849,2439
s6851,2439
s6852,3520
s6853,3896
s6854,4824
s6854,808
s6855,4083
s6856,4865
s6857,671
s6859,1698
s6860,1996
s6860,4650
s6861,1603
s6862,1698
s6863,3113
s6864,1453
s6865,1768
s6866,4539
s6867,2957
s6868,4089
s6870,1834
s6871,3991
s6873,2927
s6874,3331
s6875,864
s6876,337
s6877,4864
s6878,4554
s6879,1555
s6880,1735
s6881,2964
s6882,2369
s6883,3088
s6884,435
s6885,3922
s6887,2991
s6888,300
s6889,935
s6892,1809
s6893,4548
s6894,3793
s6897,2056
s6898,32
s6899,3289
s6900,1335
s6901,374
s6903,1913
s6904,1361
s6905,4229
s6906,4229
s6909,231
s6910,80
s6911,4289
s6911,2827
s6911,1747
s6911,4707
s6911,4690
s6911,2550
s6911,4930
s6911,983
s6911,1468
s6911,2553
s6911,2281
s6911,1755
s6912,1790
s6913,4167
s6914,2167
s6915,139
s6916,2209
s6917,2108
s6919,4629
s6921,2113
s6921,2726
s6922,2758
s6925,3941
s6925,3306
s6926,1805
s6928,2220
s6928,1720
s6929,1053
s6930,1037
s6932,4007
s6933,106
s6934,4003
s6935,2366
s6935,3021
s6937,1089
s6939,2230
s6940,657
s6941,1264
s6943,321
s6944,4440
s6945,1152
s6946,3711
s6947,1299
s6948,290
s6949,2459
s6950,1123
s6951,875
s6953,1773
s6955,4666
s6955,4015
s6957,1119
s6958,1640
s6959,4364
s6960,881
s6961,3684
s6962,3964
s6963,955
s6965,4634
s6967,4271
s6968,2709
s6969,4182
s6973,2748
s6974,2034
s6976,4836
s6978,353
s6979,1025
s6980,1010
s6981,470
s6983,231
s6983,781
s6984,3322
s6985,400
s6985,3343
s6985,69
s6985,1528
s6985,2506
s6985,4151
s6985,4194
s6985,2493
s6985,1184
s6986,4870
s6987,3410
s6988,3410
s6989,3775
s6990,368
s6991,610
s6992,610
s6993,3170
s6994,4467
s6995,1856
s6996,696
s6998,208
s7000,507
s7001,2968
s7002,1403
s7003,4181
s7004,3122
s7005,3036
s7006,137
s7008,1927
s7009,1550
s7010,2944
s7011,4129
s7012,4982
s7013,4673
s7014,4004
s7015,2470
s7016,2704
s7017,2062
s7019,2104
s7020,739
s7021,262
s7022,4095
s7022,1470
s7023,4353
s7024,3744
s7026,1246
s7027,2477
s7028,2250
s7031,3002
s7032,3002
s7033,962
s7035,1498
s7036,3454
s7037,579
s7037,1495
s7038,2973
s7039,2628
s7041,1415
s7042,81
s7043,4012
s7044,916
s7045,1243
s7046,2889
s7047,3062
s7048,2469
s7049,666
s7050,4427
s7052,667
s7053,2634
s7054,4066
s7056,4699
s7057,1966
s7058,2408
s7059,4853
s7061,4558
s7062,2142
s7063,505
s7064,1344
s7065,4477
s7066,2239
s7067,1297
s7068,642
s7069,4138
s7071,4441
s7072,4441
s7073,4441
s7074,4441
s7075,2195
s7076,1861
s7077,2739
s7078,3709
s7079,1785
s7080,2381
s7085,1366
s7087,3096
s7088,3533
s7089,4706
s7090,4706
s7091,4706
s7092,935
s7093,805
s7094,2199
s7095,3276
s7096,2444
s7097,1863
s7098,2668
s7100,4764
s7103,2842
s7104,353
s7105,1829
s7106,2891
s7107,1680
s7108,4975
s7109,4952
s7110,4292
s7111,2989
s7111,4371
s7112,1707
s7112,4457
s7113,4454
s7114,3709
s7115,1255
s7116,2796
s7118,1587
s7119,3377
s7120,510
s7122,2506
s7123,1927
s7125,4843
s7127,935
s7128,1572
s7129,730
s7131,2109
s7133,1100
s7134,3732
s7135,2155
s7136,458
s7137,341
s7138,107
s7140,607
s7141,4642
s7142,265
s7145,1089
s7146,2191
s7147,4499
s7148,3401
s7150,4081
s7151,3642
s7152,2606
s7152,2693
s7153,3983
s7154,2205
s7155,2224
s7157,2430
s7159,4133
s7160,2560
s7161,4636
s7162,2080
s7163,3479
s7164,724
s7165,3978
s7165,1492
s7165,3546
s7165,2099
s7165,3224
s7165,4685
s7165,3381
s7165,608
s7165,2101
s7165,3133
s7166,3675
s7167,4032
s7168,1202
s7170,4167
s7171,1897
s7172,4075
s7173,255
s7174,4826
s7175,794
s7176,2463
s7177,2463
s7179,2674
s7179,4628
s7180,2674
s7180,4628
s7181,4257
s7182,2724
s7184,4459
s7187,1206
s7189,1768
s7190,4493
s7190,4484
s7191,4468
s7192,1217
s7193,2196
s7194,3393
s7195,3565
s7196,1011
s7198,3709
s7199,3709
s7200,4436
s7201,1445
s7202,3567
s7203,2244
s7204,4399
s7205,3934
s7206,481
s7207,3554
s7208,1410
s7209,2020
s7210,4420
s7211,3603
s7211,634
s7212,1177
s7213,33
s7213,2980
s7214,1522
s7217,4901
s7219,1290
s7220,1464
s7220,2267
s7221,197
s7222,2252
s7224,2098
s7224,1358
s7225,1642
s7226,1685
s7228,3257
s7228,4617
s7229,3257
s7229,4617
s7230,4617
s7231,4617
s7232,4617
s7234,3257
s7234,4617
s7235,4720
s7237,3429
s7238,4887
s7239,3829
s7240,4400
s7241,311
s7242,4623
s7243,4382
s7244,4492
s7245,3349
s7247,4962
s7248,2581
s7249,1197
s7250,4115
s7251,2641
s7251,3361
s7252,1027
s7252,4524
s7253,2762
s7254,1591
s7259,173
s7260,4514
s7261,4357
s7262,867
s7263,2779
s7266,2806
s7268,3714
s7270,1874
s7271,2438
s7272,2979
s7273,992
s7273,1435
s7274,1319
s7275,297
s7276,4019
s7277,4006
s7278,4006
s7279,4006
s7281,517
s7282,4787
s7283,4969
s7284,4919
s7285,833
s7287,4194
s7289,343
s7289,4409
s7290,304
s7290,4448
s7293,2907
s7294,3526
s7294,4347
s7294,1090
s7295,2166
s7296,3455
s7297,2026
s7299,2001
s7300,4003
s7303,2374
s7304,2205
s7305,2501
s7306,218
s7307,806
s7309,4441
s7310,2411
s7311,1304
s7312,1771
s7314,4619
s7315,3961
s7316,1814
s7317,4417
s7318,3685
s7320,3685
s7321,4966
s7323,3353
s7324,4866
s7327,1652
s7328,4437
s7329,1899
s7329,4431
s7330,1426
s7330,2271
s7331,3069
s7333,4378
s7334,1877
s7335,2029
s7335,3340
s7336,4523
s7337,1148
s7338,3510
s7340,1802
s7341,180
s7342,4155
s7345,816
s7346,3505
s7347,4056
s7348,4400
s7351,4435
s7352,109
s7353,4366
s7355,886
s7356,251
s7357,2426
s7358,2205
s7359,292
s7361,3731
s7361,4818
s7362,3678
s7363,4613
s7364,1977
s7365,3692
s7366,1257
s7367,1160
s7368,1561
s7370,741
s7370,2073
s7371,2089
s7372,917
s7373,3386
s7374,562
s7375,22
s7376,1800
s7378,2738
s7379,4597
s7380,577
s7381,256
s7385,2686
s7387,1089
s7388,4353
s7389,4112
s7390,3143
s7391,2443
s7392,561
s7394,4308
s7395,4562
s7396,1101
s7397,2200
s7398,4672
s7399,3126
s7400,3533
s7401,3735
s7402,3342
s7403,936
s7404,4434
s7406,3303
s7408,3701
s7410,1375
s7411,833
s7412,1134
s7413,1076
s7414,1168
s7415,1332
s7416,2668
s7416,1340
s7417,1752
s7418,3906
s7420,4279
s7421,4745
s7422,3484
s7423,4462
s7423,482
s7424,1033
s7425,3651
s7426,1715
s7426,4241
s7427,629
s7427,3897
s7428,4121
s7429,4066
s7430,2064
s7431,3304
s7432,2964
s7433,3202
s7434,1855
s7435,3545
s7435,2936
s7438,617
s7440,631
s7441,4291
s7442,1923
s7442,927
s7443,537
s7444,537
s7445,2146
s7446,1512
s7449,4654
s7451,4145
s7452,598
s7453,4418
s7455,2008
s7457,1650
s7459,366
s7461,1544
s7462,4559
s7463,3773
s7465,2449
s7466,2712
s7467,2475
s7468,2039
s7470,529
s7471,2327
s7472,1093
s7473,1080
s7474,3466
s7475,377
s7475,4041
s7476,3256
s7477,4571
s7478,4890
s7479,2583
s7480,28
s7482,3185
s7483,2963
s7485,669
s7487,3950
s7488,111
s7489,1759
s7490,4430
s7491,4889
s7492,4412
s7492,326
s7493,4889
s7493,4518
s7494,1254
s7495,4792
s7495,223
s7496,4889
s7497,3175
s7497,4430
s7498,4889
s7499,997
s7499,4889
s7500,486
s7500,1340
s7501,1254
s7501,326
s7501,486
s7502,1254
s7502,4430
s7504,3934
s7505,3723
s7507,1250
s7508,535
s7509,403
s7510,1915
s7511,783
s7512,3114
s7513,495
s7514,4471
s7515,2037
s7516,3603
s7516,4877
s7516,4418
s7516,1635
s7516,4417
s7516,1888
s7516,2254
s7516,1296
s7516,3541
s7516,669
s7516,4036
s7516,1891
s7517,699
s7518,4417
s7519,4684
s7520,391
s7521,965
s7523,4851
s7524,2008
s7525,1089
s7526,211
s7526,585
s7527,1884
s7528,2056
s7531,2684
s7531,762
s7532,704
s7533,3454
s7534,4860
s7535,1829
s7536,1062
s7537,3307
s7538,181
s7540,925
s7542,1828
s7542,1981
s7543,1981
s7543,1828
s7544,4865
s7545,4334
s7545,4899
s7546,2153
s7547,3350
s7549,479
s7550,4318
s7551,3211
s7553,4063
s7554,1929
s7555,2563
s7555,1432
s7556,1179
s7557,554
s7557,1552
s7558,3684
s7559,1727
s7560,2976
s7561,3297
s7562,4348
s7563,1548
s7564,1618
s7565,2233
s7566,2806
s7567,3996
s7567,563
s7568,784
s7576,1564
s7578,3487
s7579,2297
s7580,1178
s7581,2521
s7582,2655
s7583,453
s7584,2260
s7585,2460
s7586,998
s7588,1554
s7591,354
s7592,3360
s7593,4182
s7595,388
s7596,4624
s7597,3864
s7597,4624
s7599,2518
s7599,1864
s7601,4034
s7602,2959
s7603,1590
s7604,4153
s7605,4580
s7606,1239
s7607,2959
s7608,3604
s7609,1607
s7610,3574
s7610,2543
s7612,3436
s7613,3436
s7614,2715
s7615,1030
s7616,3633
s7617,4676
s7618,3397
s7618,3710
s7619,1507
s7620,4064
s7621,2671
s7622,3620
s7623,4104
s7626,1005
s7626,4758
s7627,1323
s7631,2618
s7632,2618
s7634,2982
s7635,1583
s7636,1866
s7636,1865
s7637,2771
s7638,2684
s7639,4440
s7640,4440
s7642,3272
s7643,4272
s7644,3674
s7645,3674
s7646,3674
s7648,526
s7649,3435
s7651,3217
s7652,923
s7653,1728
s7654,3680
s7655,2996
s7656,811
s7657,811
s7658,2996
s7659,4323
s7660,4227
s7661,524
s7662,3240
s7664,4626
s7665,3394
s7666,1934
s7668,3366
s7669,606
s7669,3140
s7670,3978
s7670,2082
s7671,2160
s7673,1054
s7674,4618
s7677,1054
s7678,2717
s7679,831
s7680,3614
s7681,2535
s7682,556
s7683,1979
s7684,2921
s7684,334
s7685,400
s7687,63
s7687,2769
s7688,3566
s7689,2581
s7691,3870
s7692,795
s7693,2263
s7695,3673
s7696,806
s7697,268
s7698,193
s7700,957
s7701,1422
s7702,1096
s7703,596
s7704,3814
s7705,3458
s7707,4459
s7708,1505
s7709,2028
s7712,2490
s7713,3372
s7714,2052
s7715,3657
s7716,2384
s7717,4418
s7718,1215
s7720,3512
s7721,524
s7723,3560
s7723,4862
s7724,3225
s7725,2935
s7727,1846
s7728,731
s7729,1889
s7731,3442
s7732,4701
s7733,4876
s7734,2401
s7735,1988
s7735,149
s7736,2241
s7737,126
s7737,2580
s7738,524
s7738,3583
s7738,4346
s7738,3517
s7738,4838
s7739,2583
s7740,50
s7741,1006
s7741,1230
s7742,910
s7743,1508
s7744,3463
s7744,4363
s7744,3863
s7744,3874
s7745,2806
s7746,1830
s7746,710
s7747,897
s7749,160
s7750,4095
s7751,3819
s7752,3435
s7753,1028
s7753,2286
s7754,1995
s7755,4895
s7756,3922
s7758,1494
s7759,4424
s7779,809
s7779,2551
s7789,1883
s7790,460
s7791,1464
s7792,4169
s7793,847
s7793,2287
s7793,1627
s7794,1630
s7795,4899
s7796,599
s7797,4401
s7798,910
s7800,533
s7802,3768
s7803,3709
s7804,419
s7805,2761
s7806,2772
s7808,3139
s7810,2860
s7812,4866
s7815,3859
s7817,350
s7818,2241
s7819,3799
s7820,1693
s7821,2964
s7822,2839
s7823,2049
s7823,4627
s7824,1218
s7825,1200
s7826,545
s7827,3640
s7827,3850
s7828,3745
s7830,1336
s7831,4132
s7832,2528
s7833,1586
s7834,272
s7835,3240
s7837,1780
s7838,354
s7840,3344
s7842,3102
s7844,961
s7845,2178
s7846,278
s7847,2904
s7849,933
s7849,2673
s7850,3217
s7852,348
s7853,4249
s7854,478
s7855,248
s7856,2935
s7858,3572
s7859,3830
s7860,2702
s7860,79
s7861,833
s7862,4801
s7864,Andrew Lau Wai-Keung
s7864,333
s7865,1925
s7865,1876
s7866,4098
s7867,Fernando Fras De La Parra
s7869,2213
s7870,2818
s7872,1194
s7872,2768
s7874,462
s7875,274
s7876,1827
s7877,3664
s7878,3346
s7880,2159
s7881,4520
s7882,4520
s7883,4520
s7884,2159
s7885,1491
s7886,4113
s7887,3287
s7888,3207
s7889,3309
s7890,2667
s7891,3014
s7892,3034
s7892,1925
s7894,4307
s7895,4000
s7896,2152
s7897,1965
s7899,474
s7900,3714
s7901,4382
s7902,3910
s7903,1998
s7904,1516
s7905,1109
s7906,878
s7908,3950
s7910,1067
s7911,1199
s7912,191
s7913,924
s7914,3780
s7915,1576
s7916,1665
s7917,3130
s7918,523
s7919,1281
s7920,2539
s7920,3496
s7921,946
s7922,3692
s7923,3277
s7924,4137
s7925,3214
s7926,3518
s7927,2378
s7928,282
s7929,702
s7929,1499
s7930,369
s7931,2166
s7932,3760
s7933,3745
s7934,1596
s7935,2738
s7936,1581
s7937,3989
s7938,3989
s7939,1508
s7940,4781
s7941,2394
s7942,4765
s7944,91
s7945,3750
s7946,993
s7947,2073
s7948,2811
s7950,2171
s7951,2017
s7952,2777
s7953,2482
s7955,1220
s7956,2446
s7957,2821
s7958,4441
s7959,4365
s7960,1753
s7960,2440
s7960,2090
s7961,1267
s7962,4867
s7963,4867
s7964,2196
s7965,4444
s7966,2822
s7967,1227
s7968,1967
s7970,614
s7971,2417
s7972,4500
s7973,4103
s7974,2417
s7975,4789
s7976,4500
s7977,4103
s7978,4789
s7979,4789
s7979,1513
s7980,2734
s7981,3476
s7982,468
s7984,2472
s7986,3179
s7987,3118
s7988,3118
s7989,4521
s7990,414
s7991,3035
s7993,4462
s7995,2565
s7996,1206
s7997,1648
s7998,1742
s7999,1133
s8000,4108
s8002,2784
s8002,622
s8004,1652
s8005,3778
s8006,3811
s8007,87
s8007,3855
s8008,3855
s8009,2094
s8009,3687
s8010,1192
s8011,3945
s8012,532
s8013,85
s8014,524
s8014,3517
s8015,1381
s8015,413
s8017,4841
s8018,4634
s8019,2780
s8020,1936
s8024,365
s8025,3733
s8026,3932
s8027,1237
s8028,1628
s8029,954
s8030,1283
s8033,3835
s8034,3895
s8035,1484
s8036,944
s8036,1624
s8037,2676
s8038,2121
s8039,611
s8040,3657
s8042,2174
s8043,2111
s8044,3395
s8046,203
s8047,1479
s8048,1807
s8049,2245
s8050,1686
s8051,220
s8052,4004
s8053,4004
s8054,3100
s8055,1791
s8056,3286
s8057,2350
s8058,2015
s8060,4203
s8061,1072
s8061,3231
s8062,2062
s8062,3839
s8064,4099
s8066,999
s8067,2941
s8068,4101
s8069,3621
s8069,3968
s8069,632
s8070,1093
s8070,397
s8072,4670
s8073,1696
s8074,4449
s8075,3945
s8076,3945
s8077,3945
s8078,1962
s8079,1060
s8080,911
s8081,58
s8082,241
s8083,3842
s8085,1119
s8087,3424
s8087,1105
s8088,74
s8089,4851
s8090,136
s8091,439
s8091,3228
s8092,817
s8092,2855
s8092,4552
s8092,3674
s8093,2222
s8096,641
s8097,190
s8099,3742
s8100,1907
s8101,4017
s8102,2860
s8104,547
s8105,1363
s8105,3824
s8106,1833
s8107,319
s8109,102
s8111,3909
s8112,1850
s8113,4389
s8114,818
s8115,4973
s8116,582
s8117,4171
s8119,2282
s8120,2419
s8121,3522
s8123,4478
s8124,2502
s8125,1809
s8127,1620
s8128,1604
s8129,714
s8131,703
s8132,360
s8134,3015
s8135,390
s8135,206
s8136,3012
s8137,545
s8139,4621
s8140,1917
s8141,1002
s8141,1041
s8142,1189
s8143,822
s8145,4459
s8146,4146
s8147,3088
s8150,3313
s8151,2344
s8152,852
s8152,2495
s8153,688
s8154,4113
s8155,4046
s8156,4349
s8157,2658
s8158,2149
s8159,2498
s8160,3123
s8161,4414
s8162,1391
s8163,1282
s8164,3296
s8165,2079
s8165,4989
s8165,844
s8165,3333
s8165,4898
s8167,2250
s8168,3045
s8169,4921
s8169,3121
s8170,990
s8171,4474
s8172,3700
s8173,1201
s8177,3300
s8177,62
s8178,3210
s8178,271
s8179,3026
s8180,3502
s8182,1551
s8184,3945
s8185,4441
s8186,1360
s8187,1999
s8188,3910
s8189,325
s8191,4610
s8191,2187
s8192,1175
s8192,768
s8193,4113
s8195,1404
s8196,2251
s8197,887
s8198,4856
s8199,307
s8201,2585
s8202,1306
s8203,2453
s8203,2732
s8204,2205
s8205,681
s8205,3302
s8206,2157
s8208,1362
s8211,4686
s8212,3993
s8213,3464
s8214,3656
s8215,160
s8216,2489
s8216,4338
s8216,1341
s8218,162
s8218,249
s8219,3444
s8220,353
s8221,3868
s8222,4884
s8223,2926
s8224,3323
s8225,2467
s8226,3403
s8227,3635
s8228,2583
s8229,4582
s8230,3910
s8231,1780
s8233,4375
s8234,1606
s8234,3516
s8235,3422
s8236,719
s8237,478
s8238,1307
s8239,4204
s8240,2219
s8241,4555
s8242,2583
s8243,968
s8245,2802
s8246,410
s8247,1130
s8248,2193
s8249,3077
s8250,3408
s8252,2202
s8253,1709
s8254,630
s8255,433
s8256,282
s8257,327
s8259,2540
s8259,874
s8260,197
s8261,2887
s8262,3323
s8264,1932
s8264,335
s8265,4168
s8266,1798
s8267,1469
s8267,2086
s8268,4557
s8270,4325
s8271,3617
s8271,2292
s8273,2964
s8274,777
s8274,4769
s8275,623
s8276,4886
s8277,4884
s8279,4394
s8279,2057
s8280,244
s8281,3896
s8282,593
s8284,2516
s8285,1965
s8286,3924
s8287,3544
s8289,1902
s8290,2367
s8290,26
s8291,4101
s8292,1115
s8293,3365
s8294,3128
s8295,1141
s8296,2025
s8297,1127
s8298,2583
s8299,1133
s8300,940
s8300,2201
s8301,3976
s8302,1777
s8303,2944
s8304,822
s8305,680
s8306,680
s8307,3058
s8308,3909
s8309,3618
s8310,2957
s8311,3432
s8313,2171
s8314,4640
s8315,4195
s8318,3335
s8319,2908
s8320,939
s8321,1096
s8323,1238
s8323,4942
s8324,3563
s8325,2421
s8326,3317
s8327,1076
s8328,1076
s8329,1076
s8330,1076
s8333,4245
s8334,2152
s8336,3145
s8338,3095
s8339,3156
s8340,3493
s8341,3041
s8342,4561
s8343,782
s8344,4984
s8345,2917
s8345,2629
s8345,4154
s8345,4043
s8345,4324
s8345,4775
s8345,4239
s8345,2050
s8346,1601
s8347,3410
s8349,987
s8351,4029
s8352,3914
s8353,2620
s8355,3903
s8356,4843
s8357,4582
s8359,1818
s8360,3648
s8360,1851
s8360,258
s8361,642
s8362,1469
s8363,4440
s8364,1414
s8364,2393
s8365,1414
s8365,3358
s8366,3887
s8366,3023
s8368,2416
s8370,3660
s8371,575
s8371,3363
s8373,3959
s8375,3896
s8376,2407
s8378,4669
s8381,167
s8382,4632
s8383,3670
s8384,1582
s8385,1042
s8386,4206
s8387,3976
s8388,2918
s8389,1183
s8389,2404
s8390,3913
s8391,3626
s8392,2840
s8394,2001
s8395,625
s8395,850
s8396,2934
s8397,1438
s8399,4945
s8400,685
s8401,1971
s8402,3921
s8403,1477
s8404,2302
s8405,3611
s8406,3611
s8407,2879
s8408,3926
s8408,4011
s8409,4377
s8410,2210
s8411,3948
s8413,2177
s8413,2299
s8414,2957
s8415,2693
s8415,2606
s8416,2693
s8416,2606
s8417,2693
s8417,2606
s8418,2463
s8418,904
s8418,1347
s8419,3514
s8420,4891
s8421,1609
s8426,2799
s8427,711
s8428,2145
s8431,1884
s8433,3124
s8434,1151
s8435,1151
s8436,536
s8437,4453
s8439,761
s8441,4383
s8441,1221
s8442,2620
s8442,2114
s8444,812
s8445,4865
s8446,74
s8447,2154
s8448,553
s8449,3201
s8450,152
s8451,1994
s8452,4398
s8453,2134
s8454,3653
s8455,4273
s8456,3591
s8457,712
s8458,3613
s8458,2007
s8459,1186
s8460,2447
s8461,108
s8462,3951
s8463,3794
s8463,3936
s8464,799
s8465,672
s8466,2954
s8467,4002
s8467,2181
s8468,3269
s8469,2182
s8470,1503
s8471,1610
s8471,683
s8473,3896
s8474,1452
s8476,3205
s8478,2486
s8479,4244
s8480,1724
s8480,2893
s8480,2951
s8481,243
s8482,110
s8484,4413
s8485,1171
s8486,1657
s8487,1605
s8488,2718
s8489,3268
s8490,976
s8492,3549
s8493,888
s8494,1122
s8495,705
s8496,493
s8497,2567
s8498,4861
s8499,1469
s8500,1650
s8501,4397
s8502,870
s8503,4618
s8505,51
s8506,1575
s8507,1220
s8508,4885
s8508,4874
s8509,1818
s8510,4485
s8512,1096
s8513,3600
s8514,1902
s8515,2574
s8516,680
s8517,4603
s8518,2593
s8521,4438
s8522,958
s8523,4392
s8525,4878
s8525,941
s8526,4700
s8527,396
s8528,4641
s8529,3222
s8529,3216
s8530,2664
s8531,2643
s8532,4327
s8533,3946
s8535,659
s8535,1321
s8536,1108
s8537,3144
s8538,555
s8538,184
s8539,1081
s8541,2488
s8543,3934
s8544,3674
s8547,1993
s8547,2737
s8548,1354
s8549,2932
s8550,2463
s8550,2776
s8551,3467
s8551,4555
s8553,4035
s8554,1974
s8555,1465
s8556,838
s8557,3389
s8559,3930
s8560,2594
s8562,3325
s8563,1313
s8564,2633
s8565,3070
s8566,4797
s8567,1560
s8569,3605
s8570,4523
s8571,3628
s8572,4074
s8573,815
s8574,1139
s8577,1187
s8578,4894
s8579,3719
s8580,615
s8581,4527
s8582,4095
s8583,578
s8584,4407
s8585,2205
s8586,3214
s8587,2259
s8588,4891
s8588,2197
s8590,2685
s8591,90
s8592,4112
s8595,4423
s8596,4351
s8598,1276
s8598,1434
s8598,30
s8599,551
s8600,3082
s8602,2597
s8603,3644
s8604,3985
s8607,718
s8608,2891
s8609,4858
s8611,1013
s8612,2796
s8613,4475
s8614,4131
s8615,1050
s8616,2018
s8617,4854
s8618,4402
s8619,3856
s8620,4092
s8621,2227
s8621,645
s8622,4008
s8623,4053
s8624,664
s8625,4053
s8626,1232
s8627,1232
s8628,82
s8629,4308
s8630,3255
s8631,2093
s8632,3347
s8633,4268
s8633,894
s8635,4575
s8636,1736
s8637,3698
s8638,1973
s8639,1289
s8640,794
s8641,1464
s8641,2166
s8641,1776
s8641,4020
s8641,401
s8642,1143
s8643,2506
s8644,1749
s8646,725
s8649,1534
s8650,2526
s8651,4497
s8651,4385
s8652,1908
s8653,418
s8655,573
s8656,3550
s8657,3115
s8658,853
s8659,2242
s8660,1346
s8661,2157
s8662,3544
s8663,4136
s8664,4285
s8665,1947
s8666,3679
s8667,3214
s8668,2911
s8669,1900
s8671,3597
s8672,3778
s8673,464
s8674,259
s8675,1646
s8676,651
s8677,1110
s8678,1708
s8679,1526
s8681,3478
s8682,1510
s8683,4915
s8684,2587
s8686,1262
s8687,603
s8688,3509
s8689,415
s8690,3907
s8692,3959
s8693,2862
s8693,3037
s8694,200
s8694,329
s8695,3649
s8696,1394
s8697,4441
s8698,2176
s8699,1657
s8700,1858
s8702,2905
s8703,4614
s8704,3033
s8705,878
s8706,1138
s8707,2048
s8708,1618
s8709,167
s8710,407
s8712,829
s8714,459
s8715,4403
s8715,3449
s8715,2355
s8716,41
s8717,4718
s8718,4377
s8719,3092
s8720,1774
s8723,3951
s8724,3817
s8725,2293
s8726,4030
s8726,3896
s8728,3899
s8728,4578
s8729,1725
s8729,2988
s8730,2885
s8731,4197
s8732,3393
s8733,3559
s8734,579
s8735,1248
s8736,2964
s8738,3198
s8738,238
s8739,1203
s8740,1464
s8740,302
s8743,537
s8744,3547
s8745,3237
s8746,3054
s8747,3527
s8749,2154
s8751,1164
s8752,4965
s8753,4590
s8754,94
s8755,538
s8757,526
s8758,3435
s8760,4450
s8761,1103
s8762,4926
s8763,3193
s8764,2166
s8765,2636
s8766,2309
s8766,385
s8766,4018
s8766,2416
s8767,3903
s8768,2655
s8769,220
s8770,3266
s8771,4459
s8772,2575
s8773,4130
s8774,2444
s8775,55
s8777,884
s8778,4157
s8779,4157
s8780,2537
s8782,2938
s8783,2506
s8787,1885
s8788,2475
s8789,1836
s8790,774
s8791,1180
s8792,1947
s8793,3249
s8794,3754
s8795,3213
s8799,792
s8800,495
s8802,2816
s8803,1096
s8805,4025
s8806,3607
s8807,3247
